[  0%] Built target carla_native-plugin
[  0%] Built target weakjack
[  0%] Built target tap_autopan
[  0%] Built target ringbuffer
[  2%] Built target lua
[  3%] Built target caps
[  3%] Built target tap_chorusflanger
[  3%] Built target tap_deesser
[  3%] Built target tap_doubler
[  3%] Built target tap_dynamics_m
[  3%] Built target tap_dynamics_st
[  3%] Built target tap_echo
[  3%] Built target tap_eq
[  3%] Built target tap_limiter
[  4%] Built target tap_eqbw
[  4%] Built target tap_pinknoise
[  4%] Built target tap_pitch
[  4%] Built target tap_reflector
[  4%] Built target tap_reverb
[  4%] Built target tap_sigmoid
[  4%] Built target tap_rotspeak
[  4%] Built target tap_tremolo
[  5%] Built target tap_tubewarmth
[  5%] Built target tap_vibrato
[  5%] Built target alias_1407
[  5%] Built target am_pitchshift_1433
[  5%] Built target allpass_1895
[  6%] Built target amp_1181
[  6%] Built target blo
[  6%] Built target iir
[  6%] Built target bode_shifter_1431
[  7%] Built target bode_shifter_cv_1432
[  7%] Built target chebstortion_1430
[  7%] Built target comb_1190
[  7%] Built target comb_1887
[  8%] Built target comb_splitter_1411
[  9%] Built target const_1909
[  9%] Built target crossover_dist_1404
[ 10%] Built target dc_remove_1207
[ 10%] Built target debug_1184
[ 10%] Built target decay_1886
[ 10%] Built target decimator_1202
[ 10%] Built target declip_1195
[ 10%] Built target delayorama_1402
[ 11%] Built target diode_1185
[ 11%] Built target delay_1898
[ 11%] Built target divider_1186
[ 11%] Built target dj_eq_1901
[ 12%] Built target dj_flanger_1438
[ 12%] Built target dyson_compress_1403
[ 12%] Built target fad_delay_1192
[ 12%] Built target fast_lookahead_limiter_1913
[ 12%] Built target flanger_1191
[ 12%] Built target fm_osc_1415
[ 13%] Built target foldover_1213
[ 13%] Built target foverdrive_1196
[ 13%] Built target freq_tracker_1418
[ 13%] Built target gate_1410
[ 13%] Built target gate_1921
[ 14%] Built target giant_flange_1437
[ 15%] Built target gong_1424
[ 15%] Built target gong_beater_1439
[ 16%] Built target gverb
[ 17%] Built target gsm
[ 17%] Built target hard_limiter_1413
[ 17%] Built target harmonic_gen_1220
[ 17%] Built target hermes_filter_1200
[ 17%] Built target highpass_iir_1890
[ 18%] Built target hilbert_1440
[ 18%] Built target imp_1199
[ 18%] Built target impulse_1885
[ 18%] Built target inv_1429
[ 18%] Built target karaoke_1409
[ 18%] Built target latency_1914
[ 18%] Built target lcr_delay_1436
[ 18%] Built target lowpass_iir_1891
[ 18%] Built target ls_filter_1908
[ 18%] Built target matrix_ms_st_1421
[ 19%] Built target matrix_spatialiser_1422
[ 19%] Built target matrix_st_ms_1420
[ 19%] Built target mbeq_1197
[ 19%] Built target mod_delay_1419
[ 19%] Built target multivoice_chorus_1201
[ 20%] Built target notch_iir_1894
[ 20%] Built target phasers_1217
[ 20%] Built target pitchscale
[ 21%] Built target plate_1423
[ 21%] Built target pointer_cast_1910
[ 21%] Built target rate_shifter_1417
[ 21%] Built target retro_flange_1208
[ 21%] Built target revdelay_1605
[ 21%] Built target ringmod_1188
[ 21%] Built target satan_maximiser_1408
[ 21%] Built target db
[ 21%] Built target rms
[ 21%] Built target shaper_1187
[ 21%] Built target sin_cos_1881
[ 22%] Built target sifter_1210
[ 22%] Built target single_para_1203
[ 22%] Built target sinus_wavewrapper_1198
[ 23%] Built target smooth_decimate_1414
[ 23%] Built target split_1406
[ 23%] Built target step_muxer_1212
[ 23%] Built target surround_encoder_1401
[ 23%] Built target svf_1214
[ 23%] Built target tape_delay_1211
[ 23%] Built target triple_para_1204
[ 24%] Built target transient_1206
[ 24%] Built target valve_1209
[ 24%] Built target valve_rect_1405
[ 24%] Built target vocoder_1337
[ 24%] Built target vynil_1905
[ 24%] Built target xfade_1915
[ 24%] Built target wave_terrain_1412
[ 25%] Built target zm1_1428
[ 25%] Built target adplug
[ 25%] Built target gme
[ 26%] Built target resid_objects
[ 28%] Built target cmt
[ 28%] Performing build step for 'NativeLinuxRemoteVstPlugin64'
[ 28%] Built target synthetic_audio_plugin_autogen_timestamp_deps
[ 30%] Built target veal
[ 30%] Built target lmmsobjs_autogen_timestamp_deps
[ 30%] Built target analogue_osc_1416
[ 30%] Built target bandpass_a_iir_1893
[ 31%] Built target bandpass_iir_1892
[ 31%] Built target butterworth_1902
[ 31%] Built target gsm_1215
[ 31%] Built target gverb_1216
[ 31%] Built target pitch_scale_1193
[ 31%] Built target pitch_scale_1194
[ 31%] Built target sc1_1425
[100%] Built target NativeLinuxRemoteVstPlugin64
[ 31%] Built target sc2_1426
[ 31%] Built target sc3_1427
[ 32%] Built target sc4_1882
[ 32%] Built target sc4m_1916
[ 32%] No install step for 'NativeLinuxRemoteVstPlugin64'
[ 32%] Built target se4_1883
[ 32%] Built target synthetic_audio_plugin_autogen
[ 32%] Completed 'NativeLinuxRemoteVstPlugin64'
[ 32%] Built target lmmsobjs_autogen
[ 33%] Built target synthetic_audio_plugin
[ 33%] Built target NativeLinuxRemoteVstPlugin64
[ 33%] Building CXX object src/CMakeFiles/lmmsobjs.dir/core/midi/MidiOss.cpp.o
[ 33%] Building CXX object src/CMakeFiles/lmmsobjs.dir/core/midi/MidiSndio.cpp.o
[ 33%] Building CXX object src/CMakeFiles/lmmsobjs.dir/core/midi/MidiPort.cpp.o
[ 33%] Building CXX object src/CMakeFiles/lmmsobjs.dir/gui/ActionGroup.cpp.o
[ 33%] Building CXX object src/CMakeFiles/lmmsobjs.dir/core/midi/MidiJack.cpp.o
[ 33%] Building CXX object src/CMakeFiles/lmmsobjs.dir/gui/AudioAlsaSetupWidget.cpp.o
[ 33%] Building CXX object src/CMakeFiles/lmmsobjs.dir/gui/AudioDeviceSetupWidget.cpp.o
[ 33%] Building CXX object src/CMakeFiles/lmmsobjs.dir/gui/AutomatableModelView.cpp.o
[ 33%] Building CXX object src/CMakeFiles/lmmsobjs.dir/gui/ControlLayout.cpp.o
[ 33%] Building CXX object src/CMakeFiles/lmmsobjs.dir/gui/ControllerDialog.cpp.o
[ 34%] Building CXX object src/CMakeFiles/lmmsobjs.dir/gui/ControllerRackView.cpp.o
[ 34%] Building CXX object src/CMakeFiles/lmmsobjs.dir/gui/ControllerView.cpp.o
[ 34%] Building CXX object src/CMakeFiles/lmmsobjs.dir/gui/Controls.cpp.o
[ 34%] Building CXX object src/CMakeFiles/lmmsobjs.dir/gui/EffectControlDialog.cpp.o
[ 34%] Building CXX object src/CMakeFiles/lmmsobjs.dir/gui/EffectRackView.cpp.o
[ 34%] Building CXX object src/CMakeFiles/lmmsobjs.dir/gui/EffectView.cpp.o
[ 34%] Building CXX object src/CMakeFiles/lmmsobjs.dir/gui/embed.cpp.o
[ 34%] Building CXX object src/CMakeFiles/lmmsobjs.dir/gui/FileBrowser.cpp.o
[ 34%] Building CXX object src/CMakeFiles/lmmsobjs.dir/gui/FileRevealer.cpp.o
[ 34%] Building CXX object src/CMakeFiles/lmmsobjs.dir/gui/FileSearchJob.cpp.o
[ 34%] Building CXX object src/CMakeFiles/lmmsobjs.dir/gui/GuiApplication.cpp.o
[ 34%] Building CXX object src/CMakeFiles/lmmsobjs.dir/gui/LadspaControlView.cpp.o
[ 34%] Building CXX object src/CMakeFiles/lmmsobjs.dir/gui/LfoControllerDialog.cpp.o
[ 34%] Building CXX object src/CMakeFiles/lmmsobjs.dir/gui/LinkedModelGroupViews.cpp.o
[ 34%] Building CXX object src/CMakeFiles/lmmsobjs.dir/gui/LmmsPalette.cpp.o
[ 34%] Building CXX object src/CMakeFiles/lmmsobjs.dir/gui/LmmsStyle.cpp.o
[ 34%] Building CXX object src/CMakeFiles/lmmsobjs.dir/gui/Lv2ViewBase.cpp.o
[ 34%] Building CXX object src/CMakeFiles/lmmsobjs.dir/gui/MainApplication.cpp.o
[ 34%] Building CXX object src/CMakeFiles/lmmsobjs.dir/gui/MainWindow.cpp.o
[ 35%] Building CXX object src/CMakeFiles/lmmsobjs.dir/gui/MicrotunerConfig.cpp.o
[ 35%] Building CXX object src/CMakeFiles/lmmsobjs.dir/gui/MidiCCRackView.cpp.o
[ 35%] Building CXX object src/CMakeFiles/lmmsobjs.dir/gui/MidiSetupWidget.cpp.o
[ 35%] Building CXX object src/CMakeFiles/lmmsobjs.dir/gui/MixerChannelView.cpp.o
[ 35%] Building CXX object src/CMakeFiles/lmmsobjs.dir/gui/MixerView.cpp.o
[ 35%] Building CXX object src/CMakeFiles/lmmsobjs.dir/gui/ModelView.cpp.o
[ 35%] Building CXX object src/CMakeFiles/lmmsobjs.dir/gui/PeakControllerDialog.cpp.o
[ 35%] Building CXX object src/CMakeFiles/lmmsobjs.dir/gui/PinConnector.cpp.o
[ 35%] Building CXX object src/CMakeFiles/lmmsobjs.dir/gui/PluginBrowser.cpp.o
[ 35%] Building CXX object src/CMakeFiles/lmmsobjs.dir/gui/ProjectNotes.cpp.o
[ 35%] Building CXX object src/CMakeFiles/lmmsobjs.dir/gui/RowTableView.cpp.o
[ 35%] Building CXX object src/CMakeFiles/lmmsobjs.dir/gui/SampleTrackWindow.cpp.o
[ 35%] Building CXX object src/CMakeFiles/lmmsobjs.dir/gui/SampleThumbnail.cpp.o
[ 35%] Building CXX object src/CMakeFiles/lmmsobjs.dir/gui/SendButtonIndicator.cpp.o
[ 35%] Building CXX object src/CMakeFiles/lmmsobjs.dir/gui/SideBar.cpp.o
[ 35%] Building CXX object src/CMakeFiles/lmmsobjs.dir/gui/SideBarWidget.cpp.o
[ 35%] Building CXX object src/CMakeFiles/lmmsobjs.dir/gui/StringPairDrag.cpp.o
[ 35%] Building CXX object src/CMakeFiles/lmmsobjs.dir/gui/SubWindow.cpp.o
[ 36%] Building CXX object src/CMakeFiles/lmmsobjs.dir/gui/ToolPluginView.cpp.o
[ 36%] Building CXX object src/CMakeFiles/lmmsobjs.dir/gui/clips/AutomationClipView.cpp.o
[ 36%] Building CXX object src/CMakeFiles/lmmsobjs.dir/gui/clips/ClipView.cpp.o
[ 36%] Building CXX object src/CMakeFiles/lmmsobjs.dir/gui/clips/MidiClipView.cpp.o
[ 36%] Building CXX object src/CMakeFiles/lmmsobjs.dir/gui/clips/PatternClipView.cpp.o
[ 36%] Building CXX object src/CMakeFiles/lmmsobjs.dir/gui/clips/SampleClipView.cpp.o
[ 36%] Building CXX object src/CMakeFiles/lmmsobjs.dir/gui/editors/AutomationEditor.cpp.o
[ 36%] Building CXX object src/CMakeFiles/lmmsobjs.dir/gui/editors/Editor.cpp.o
[ 36%] Building CXX object src/CMakeFiles/lmmsobjs.dir/gui/editors/PatternEditor.cpp.o
[ 36%] Building CXX object src/CMakeFiles/lmmsobjs.dir/gui/editors/PianoRoll.cpp.o
[ 36%] Building CXX object src/CMakeFiles/lmmsobjs.dir/gui/editors/PositionLine.cpp.o
[ 36%] Building CXX object src/CMakeFiles/lmmsobjs.dir/gui/editors/Rubberband.cpp.o
[ 36%] Building CXX object src/CMakeFiles/lmmsobjs.dir/gui/editors/SongEditor.cpp.o
[ 36%] Building CXX object src/CMakeFiles/lmmsobjs.dir/gui/editors/StepRecorderWidget.cpp.o
[ 36%] Building CXX object src/CMakeFiles/lmmsobjs.dir/gui/editors/TimeLineWidget.cpp.o
/home/kruzzzzy/Documents/AI_KOS_PROJECT/projects/lmms-fl-research/zene-gates/src/gui/editors/PianoRoll.cpp: In member function ‘void lmms::gui::PianoRoll::updateParameterEditPos(QMouseEvent*, lmms::Note::ParameterType)’:
/home/kruzzzzy/Documents/AI_KOS_PROJECT/projects/lmms-fl-research/zene-gates/src/gui/editors/PianoRoll.cpp:2865:34: warning: ‘int QMouseEvent::y() const’ is deprecated: Use position() [-Wdeprecated-declarations]
 2865 |         int keyNum = getKey(me->y());
      |                             ~~~~~^~
In file included from /usr/include/x86_64-linux-gnu/qt6/QtGui/QKeyEvent:1,
                 from /home/kruzzzzy/Documents/AI_KOS_PROJECT/projects/lmms-fl-research/zene-gates/src/gui/editors/PianoRoll.cpp:35:
/usr/include/x86_64-linux-gnu/qt6/QtGui/qevent.h:220:16: note: declared here
  220 |     inline int y() const { return qRound(position().y()); }
      |                ^
/home/kruzzzzy/Documents/AI_KOS_PROJECT/projects/lmms-fl-research/zene-gates/src/gui/editors/PianoRoll.cpp:2866:30: warning: ‘int QMouseEvent::x() const’ is deprecated: Use position() [-Wdeprecated-declarations]
 2866 |         int posTicks = (me->x() - m_whiteKeyWidth) *
      |                         ~~~~~^~
/usr/include/x86_64-linux-gnu/qt6/QtGui/qevent.h:218:16: note: declared here
  218 |     inline int x() const { return qRound(position().x()); }
      |                ^
[ 36%] Building CXX object src/CMakeFiles/lmmsobjs.dir/gui/editors/TrackContainerView.cpp.o
[ 36%] Building CXX object src/CMakeFiles/lmmsobjs.dir/gui/instrument/EnvelopeAndLfoView.cpp.o
[ 36%] Building CXX object src/CMakeFiles/lmmsobjs.dir/gui/instrument/EnvelopeGraph.cpp.o
[ 37%] Building CXX object src/CMakeFiles/lmmsobjs.dir/gui/instrument/InstrumentFunctionViews.cpp.o
[ 37%] Building CXX object src/CMakeFiles/lmmsobjs.dir/gui/instrument/InstrumentMidiIOView.cpp.o
[ 37%] Building CXX object src/CMakeFiles/lmmsobjs.dir/gui/instrument/InstrumentTuningView.cpp.o
[ 37%] Building CXX object src/CMakeFiles/lmmsobjs.dir/gui/instrument/InstrumentSoundShapingView.cpp.o
[ 37%] Building CXX object src/CMakeFiles/lmmsobjs.dir/gui/instrument/InstrumentTrackWindow.cpp.o
[ 37%] Building CXX object src/CMakeFiles/lmmsobjs.dir/gui/instrument/InstrumentView.cpp.o
[ 37%] Building CXX object src/CMakeFiles/lmmsobjs.dir/gui/instrument/LfoGraph.cpp.o
[ 37%] Building CXX object src/CMakeFiles/lmmsobjs.dir/gui/instrument/PianoView.cpp.o
[ 37%] Building CXX object src/CMakeFiles/lmmsobjs.dir/gui/menus/MidiPortMenu.cpp.o
[ 37%] Building CXX object src/CMakeFiles/lmmsobjs.dir/gui/menus/RecentProjectsMenu.cpp.o
[ 37%] Building CXX object src/CMakeFiles/lmmsobjs.dir/gui/menus/TemplatesMenu.cpp.o
[ 37%] Building CXX object src/CMakeFiles/lmmsobjs.dir/gui/modals/AboutDialog.cpp.o
[ 37%] Building CXX object src/CMakeFiles/lmmsobjs.dir/gui/modals/ColorChooser.cpp.o
[ 37%] Building CXX object src/CMakeFiles/lmmsobjs.dir/gui/modals/ControllerConnectionDialog.cpp.o
[ 37%] Building CXX object src/CMakeFiles/lmmsobjs.dir/gui/modals/EffectSelectDialog.cpp.o
[ 37%] Building CXX object src/CMakeFiles/lmmsobjs.dir/gui/modals/ExportProjectDialog.cpp.o
[ 37%] Building CXX object src/CMakeFiles/lmmsobjs.dir/gui/modals/FileDialog.cpp.o
[ 37%] Building CXX object src/CMakeFiles/lmmsobjs.dir/gui/modals/RenameDialog.cpp.o
[ 37%] Building CXX object src/CMakeFiles/lmmsobjs.dir/gui/modals/SetupDialog.cpp.o
[ 38%] Building CXX object src/CMakeFiles/lmmsobjs.dir/gui/modals/VersionedSaveDialog.cpp.o
[ 38%] Building CXX object src/CMakeFiles/lmmsobjs.dir/gui/tracks/AutomationTrackView.cpp.o
[ 38%] Building CXX object src/CMakeFiles/lmmsobjs.dir/gui/tracks/FadeButton.cpp.o
[ 38%] Building CXX object src/CMakeFiles/lmmsobjs.dir/gui/tracks/InstrumentTrackView.cpp.o
[ 38%] Building CXX object src/CMakeFiles/lmmsobjs.dir/gui/tracks/PatternTrackView.cpp.o
[ 38%] Building CXX object src/CMakeFiles/lmmsobjs.dir/gui/tracks/SampleTrackView.cpp.o
[ 38%] Building CXX object src/CMakeFiles/lmmsobjs.dir/gui/tracks/TrackContentWidget.cpp.o
[ 38%] Building CXX object src/CMakeFiles/lmmsobjs.dir/gui/tracks/TrackLabelButton.cpp.o
[ 38%] Building CXX object src/CMakeFiles/lmmsobjs.dir/gui/tracks/TrackOperationsWidget.cpp.o
[ 38%] Building CXX object src/CMakeFiles/lmmsobjs.dir/gui/tracks/TrackRenameLineEdit.cpp.o
[ 38%] Building CXX object src/CMakeFiles/lmmsobjs.dir/gui/tracks/TrackGrip.cpp.o
[ 38%] Building CXX object src/CMakeFiles/lmmsobjs.dir/gui/tracks/TrackView.cpp.o
[ 38%] Building CXX object src/CMakeFiles/lmmsobjs.dir/gui/widgets/AutomatableButton.cpp.o
[ 38%] Building CXX object src/CMakeFiles/lmmsobjs.dir/gui/widgets/AutomatableSlider.cpp.o
[ 38%] Building CXX object src/CMakeFiles/lmmsobjs.dir/gui/widgets/BarModelEditor.cpp.o
[ 38%] Building CXX object src/CMakeFiles/lmmsobjs.dir/gui/widgets/CPULoadWidget.cpp.o
[ 38%] Building CXX object src/CMakeFiles/lmmsobjs.dir/gui/widgets/CaptionMenu.cpp.o
[ 38%] Building CXX object src/CMakeFiles/lmmsobjs.dir/gui/widgets/ComboBox.cpp.o
[ 39%] Building CXX object src/CMakeFiles/lmmsobjs.dir/gui/widgets/Draggable.cpp.o
[ 39%] Building CXX object src/CMakeFiles/lmmsobjs.dir/gui/widgets/Fader.cpp.o
[ 39%] Building CXX object src/CMakeFiles/lmmsobjs.dir/gui/widgets/FloatModelEditorBase.cpp.o
[ 39%] Building CXX object src/CMakeFiles/lmmsobjs.dir/gui/widgets/Graph.cpp.o
[ 39%] Building CXX object src/CMakeFiles/lmmsobjs.dir/gui/widgets/GroupBox.cpp.o
[ 39%] Building CXX object src/CMakeFiles/lmmsobjs.dir/gui/widgets/Knob.cpp.o
[ 39%] Building CXX object src/CMakeFiles/lmmsobjs.dir/gui/widgets/LcdFloatSpinBox.cpp.o
[ 39%] Building CXX object src/CMakeFiles/lmmsobjs.dir/gui/widgets/LcdSpinBox.cpp.o
[ 39%] Building CXX object src/CMakeFiles/lmmsobjs.dir/gui/widgets/LcdWidget.cpp.o
[ 39%] Building CXX object src/CMakeFiles/lmmsobjs.dir/gui/widgets/LedCheckBox.cpp.o
[ 39%] Building CXX object src/CMakeFiles/lmmsobjs.dir/gui/widgets/LeftRightNav.cpp.o
[ 39%] Building CXX object src/CMakeFiles/lmmsobjs.dir/gui/widgets/MeterDialog.cpp.o
[ 39%] Building CXX object src/CMakeFiles/lmmsobjs.dir/gui/widgets/MixerChannelLcdSpinBox.cpp.o
[ 39%] Building CXX object src/CMakeFiles/lmmsobjs.dir/gui/widgets/NStateButton.cpp.o
[ 39%] Building CXX object src/CMakeFiles/lmmsobjs.dir/gui/widgets/Oscilloscope.cpp.o
[ 39%] Building CXX object src/CMakeFiles/lmmsobjs.dir/gui/widgets/PeakIndicator.cpp.o
[ 39%] Building CXX object src/CMakeFiles/lmmsobjs.dir/gui/widgets/PixmapButton.cpp.o
[ 39%] Building CXX object src/CMakeFiles/lmmsobjs.dir/gui/widgets/SimpleTextFloat.cpp.o
[ 40%] Building CXX object src/CMakeFiles/lmmsobjs.dir/gui/widgets/TabBar.cpp.o
[ 40%] Building CXX object src/CMakeFiles/lmmsobjs.dir/gui/widgets/TabWidget.cpp.o
[ 40%] Building CXX object src/CMakeFiles/lmmsobjs.dir/gui/widgets/TempoSyncBarModelEditor.cpp.o
[ 40%] Building CXX object src/CMakeFiles/lmmsobjs.dir/gui/widgets/TempoSyncKnob.cpp.o
[ 40%] Building CXX object src/CMakeFiles/lmmsobjs.dir/gui/widgets/TextFloat.cpp.o
[ 40%] Building CXX object src/CMakeFiles/lmmsobjs.dir/gui/widgets/TimeDisplayWidget.cpp.o
[ 40%] Building CXX object src/CMakeFiles/lmmsobjs.dir/gui/widgets/ToolButton.cpp.o
[ 40%] Building CXX object src/CMakeFiles/lmmsobjs.dir/tracks/AutomationTrack.cpp.o
[ 40%] Building CXX object src/CMakeFiles/lmmsobjs.dir/tracks/InstrumentTrack.cpp.o
[ 40%] Building CXX object src/CMakeFiles/lmmsobjs.dir/tracks/MidiClip.cpp.o
[ 40%] Building CXX object src/CMakeFiles/lmmsobjs.dir/tracks/PatternTrack.cpp.o
[ 40%] Building CXX object src/CMakeFiles/lmmsobjs.dir/tracks/SampleTrack.cpp.o
[ 40%] Building CXX object src/CMakeFiles/lmmsobjs.dir/common/RemotePluginBase.cpp.o
[ 40%] Building CXX object src/CMakeFiles/lmmsobjs.dir/common/SharedMemory.cpp.o
[ 40%] Building CXX object src/CMakeFiles/lmmsobjs.dir/common/SystemSemaphore.cpp.o
[ 40%] Building CXX object src/CMakeFiles/lmmsobjs.dir/qrc_lmms.cpp.o
[ 48%] Built target lmmsobjs
[ 48%] Built target lmms_autogen_timestamp_deps
[ 48%] Built target ArrayVectorTest_autogen_timestamp_deps
[ 48%] Built target AudioBusHandleTest_autogen_timestamp_deps
[ 48%] Built target AudioBufferTest_autogen_timestamp_deps
[ 48%] Built target AudioPortsModelTest_autogen_timestamp_deps
[ 48%] Built target AudioBusTest_autogen_timestamp_deps
[ 48%] Built target AudioPortsTest_autogen_timestamp_deps
[ 48%] Built target MathTest_autogen_timestamp_deps
[ 48%] Built target AutomatableModelTest_autogen_timestamp_deps
[ 48%] Built target PluginAudioPortsTest_autogen_timestamp_deps
[ 48%] Built target ProjectVersionTest_autogen_timestamp_deps
[ 48%] Built target MultiTrackRecorderTest_autogen_timestamp_deps
[ 48%] Built target RelativePathsTest_autogen_timestamp_deps
[ 48%] Built target RemotePluginAudioPortsTest_autogen_timestamp_deps
[ 48%] Built target RecordRingBufferTest_autogen_timestamp_deps
[ 48%] Built target RoutingGraphTest_autogen_timestamp_deps
[ 48%] Built target PdcMixerTest_autogen_timestamp_deps
[ 48%] Built target ScriptBindingsTest_autogen_timestamp_deps
[ 48%] Built target SlideNotesTest_autogen_timestamp_deps
[ 48%] Built target ScriptEngineTest_autogen_timestamp_deps
[ 48%] Built target TimelineTest_autogen_timestamp_deps
[ 48%] Built target AutomationTrackTest_autogen_timestamp_deps
[ 48%] Built target AudioPluginTest_autogen_timestamp_deps
[ 48%] Built target TwoTrackRecordingHarness_autogen_timestamp_deps
[ 48%] Automatic MOC and UIC for target lmms
[ 48%] Automatic MOC for target ArrayVectorTest
[ 48%] Automatic MOC for target AudioBusHandleTest
[ 48%] Automatic MOC for target AudioBufferTest
[ 48%] Automatic MOC for target AudioBusTest
[ 48%] Automatic MOC for target AudioPortsModelTest
[ 48%] Built target lmms_autogen
[ 48%] Automatic MOC for target AudioPortsTest
[ 48%] Built target AudioBusTest_autogen
[ 48%] Automatic MOC for target AutomatableModelTest
[ 48%] Built target AudioBufferTest_autogen
[ 48%] Automatic MOC for target MathTest
[ 48%] Built target ArrayVectorTest_autogen
[ 49%] Automatic MOC for target MultiTrackRecorderTest
[ 49%] Built target AudioBusHandleTest_autogen
[ 49%] Built target AudioPortsModelTest_autogen
[ 49%] Automatic MOC for target PluginAudioPortsTest
[ 49%] Automatic MOC for target ProjectVersionTest
[ 49%] Built target AudioPortsTest_autogen
[ 49%] Automatic MOC for target RecordRingBufferTest
[ 49%] Built target AutomatableModelTest_autogen
[ 49%] Automatic MOC for target RelativePathsTest
[ 49%] Built target MathTest_autogen
[ 49%] Automatic MOC for target RemotePluginAudioPortsTest
[ 49%] Built target PluginAudioPortsTest_autogen
[ 49%] Automatic MOC for target RoutingGraphTest
[ 49%] Built target MultiTrackRecorderTest_autogen
[ 49%] Automatic MOC for target PdcMixerTest
[ 49%] Built target ProjectVersionTest_autogen
[ 49%] Automatic MOC for target ScriptBindingsTest
[ 49%] Built target RecordRingBufferTest_autogen
[ 49%] Automatic MOC for target ScriptEngineTest
[ 49%] Built target RemotePluginAudioPortsTest_autogen
[ 49%] Automatic MOC for target SlideNotesTest
[ 49%] Built target RoutingGraphTest_autogen
[ 49%] Automatic MOC for target TimelineTest
[ 49%] Built target RelativePathsTest_autogen
[ 49%] Automatic MOC for target TwoTrackRecordingHarness
[ 49%] Built target TwoTrackRecordingHarness_autogen
[ 49%] Automatic MOC for target AutomationTrackTest
[ 49%] Built target PdcMixerTest_autogen
[ 49%] Automatic MOC for target AudioPluginTest
[ 49%] Built target ScriptBindingsTest_autogen
[ 49%] Built target ScriptEngineTest_autogen
[ 49%] Building CXX object src/CMakeFiles/lmms.dir/lmms_autogen/mocs_compilation.cpp.o
[ 49%] Building CXX object src/CMakeFiles/lmms.dir/core/main.cpp.o
[ 49%] Building CXX object tests/CMakeFiles/ArrayVectorTest.dir/ArrayVectorTest_autogen/mocs_compilation.cpp.o
[ 49%] Building CXX object tests/CMakeFiles/ArrayVectorTest.dir/src/core/ArrayVectorTest.cpp.o
[ 49%] Built target SlideNotesTest_autogen
[ 49%] Built target TimelineTest_autogen
[ 49%] Building CXX object tests/CMakeFiles/AudioBufferTest.dir/AudioBufferTest_autogen/mocs_compilation.cpp.o
[ 49%] Building CXX object tests/CMakeFiles/AudioBufferTest.dir/src/core/AudioBufferTest.cpp.o
[ 49%] Building CXX object tests/CMakeFiles/AudioBusHandleTest.dir/AudioBusHandleTest_autogen/mocs_compilation.cpp.o
[ 49%] Building CXX object tests/CMakeFiles/AudioBusHandleTest.dir/src/core/AudioBusHandleTest.cpp.o
[ 49%] Built target AutomationTrackTest_autogen
[ 49%] Building CXX object tests/CMakeFiles/AudioBusTest.dir/AudioBusTest_autogen/mocs_compilation.cpp.o
[ 49%] Building CXX object tests/CMakeFiles/AudioBusTest.dir/src/core/AudioBusTest.cpp.o
[ 49%] Built target AudioPluginTest_autogen
[ 49%] Building CXX object tests/CMakeFiles/AudioPortsModelTest.dir/AudioPortsModelTest_autogen/mocs_compilation.cpp.o
[ 49%] Building CXX object tests/CMakeFiles/AudioPortsModelTest.dir/src/core/AudioPortsModelTest.cpp.o
[ 49%] Linking CXX executable ../lmms
[ 49%] Linking CXX executable ArrayVectorTest
[ 50%] Linking CXX executable AudioBusTest
[ 50%] Linking CXX executable AudioBusHandleTest
[ 50%] Linking CXX executable AudioBufferTest
[ 50%] Linking CXX executable AudioPortsModelTest
[ 50%] Built target lmms
[ 50%] Building CXX object tests/CMakeFiles/AudioPortsTest.dir/AudioPortsTest_autogen/mocs_compilation.cpp.o
[ 50%] Building CXX object tests/CMakeFiles/AudioPortsTest.dir/src/core/AudioPortsTest.cpp.o
[ 50%] Built target ArrayVectorTest
[ 50%] Built target AudioBusTest
[ 51%] Building CXX object tests/CMakeFiles/AutomatableModelTest.dir/AutomatableModelTest_autogen/mocs_compilation.cpp.o
[ 51%] Building CXX object tests/CMakeFiles/MathTest.dir/MathTest_autogen/mocs_compilation.cpp.o
[ 51%] Building CXX object tests/CMakeFiles/AutomatableModelTest.dir/src/core/AutomatableModelTest.cpp.o
[ 51%] Building CXX object tests/CMakeFiles/MathTest.dir/src/core/MathTest.cpp.o
[ 51%] Built target AudioBusHandleTest
[ 51%] Building CXX object tests/CMakeFiles/MultiTrackRecorderTest.dir/MultiTrackRecorderTest_autogen/mocs_compilation.cpp.o
[ 51%] Building CXX object tests/CMakeFiles/MultiTrackRecorderTest.dir/src/core/MultiTrackRecorderTest.cpp.o
[ 51%] Built target AudioBufferTest
[ 51%] Building CXX object tests/CMakeFiles/PluginAudioPortsTest.dir/PluginAudioPortsTest_autogen/mocs_compilation.cpp.o
[ 51%] Building CXX object tests/CMakeFiles/PluginAudioPortsTest.dir/src/core/PluginAudioPortsTest.cpp.o
[ 51%] Built target AudioPortsModelTest
[ 51%] Building CXX object tests/CMakeFiles/ProjectVersionTest.dir/ProjectVersionTest_autogen/mocs_compilation.cpp.o
[ 51%] Building CXX object tests/CMakeFiles/ProjectVersionTest.dir/src/core/ProjectVersionTest.cpp.o
[ 51%] Linking CXX executable AudioPortsTest
[ 51%] Linking CXX executable MathTest
[ 51%] Linking CXX executable AutomatableModelTest
[ 51%] Linking CXX executable MultiTrackRecorderTest
[ 51%] Linking CXX executable ProjectVersionTest
[ 51%] Linking CXX executable PluginAudioPortsTest
[ 51%] Built target AudioPortsTest
[ 51%] Building CXX object tests/CMakeFiles/RecordRingBufferTest.dir/RecordRingBufferTest_autogen/mocs_compilation.cpp.o
[ 51%] Building CXX object tests/CMakeFiles/RecordRingBufferTest.dir/src/core/RecordRingBufferTest.cpp.o
[ 51%] Built target MathTest
[ 51%] Building CXX object tests/CMakeFiles/RelativePathsTest.dir/RelativePathsTest_autogen/mocs_compilation.cpp.o
[ 51%] Building CXX object tests/CMakeFiles/RelativePathsTest.dir/src/core/RelativePathsTest.cpp.o
[ 51%] Built target AutomatableModelTest
[ 51%] Building CXX object tests/CMakeFiles/RemotePluginAudioPortsTest.dir/RemotePluginAudioPortsTest_autogen/mocs_compilation.cpp.o
[ 51%] Building CXX object tests/CMakeFiles/RemotePluginAudioPortsTest.dir/src/core/RemotePluginAudioPortsTest.cpp.o
[ 51%] Built target MultiTrackRecorderTest
[ 51%] Building CXX object tests/CMakeFiles/RoutingGraphTest.dir/RoutingGraphTest_autogen/mocs_compilation.cpp.o
[ 51%] Building CXX object tests/CMakeFiles/RoutingGraphTest.dir/src/core/RoutingGraphTest.cpp.o
[ 51%] Built target ProjectVersionTest
[ 51%] Building CXX object tests/CMakeFiles/PdcMixerTest.dir/PdcMixerTest_autogen/mocs_compilation.cpp.o
[ 51%] Building CXX object tests/CMakeFiles/PdcMixerTest.dir/src/core/PdcMixerTest.cpp.o
[ 51%] Built target PluginAudioPortsTest
[ 52%] Building CXX object tests/CMakeFiles/ScriptBindingsTest.dir/ScriptBindingsTest_autogen/mocs_compilation.cpp.o
[ 52%] Building CXX object tests/CMakeFiles/ScriptBindingsTest.dir/src/core/ScriptBindingsTest.cpp.o
[ 53%] Linking CXX executable RecordRingBufferTest
[ 53%] Linking CXX executable RelativePathsTest
[ 53%] Linking CXX executable RemotePluginAudioPortsTest
[ 53%] Linking CXX executable RoutingGraphTest
[ 53%] Linking CXX executable PdcMixerTest
[ 53%] Built target RecordRingBufferTest
[ 53%] Building CXX object tests/CMakeFiles/ScriptEngineTest.dir/ScriptEngineTest_autogen/mocs_compilation.cpp.o
[ 53%] Building CXX object tests/CMakeFiles/ScriptEngineTest.dir/src/core/ScriptEngineTest.cpp.o
[ 53%] Built target RelativePathsTest
[ 53%] Building CXX object tests/CMakeFiles/SlideNotesTest.dir/SlideNotesTest_autogen/mocs_compilation.cpp.o
[ 53%] Building CXX object tests/CMakeFiles/SlideNotesTest.dir/src/core/SlideNotesTest.cpp.o
[ 53%] Linking CXX executable ScriptBindingsTest
[ 53%] Built target RemotePluginAudioPortsTest
[ 53%] Building CXX object tests/CMakeFiles/TimelineTest.dir/TimelineTest_autogen/mocs_compilation.cpp.o
[ 53%] Building CXX object tests/CMakeFiles/TimelineTest.dir/src/core/TimelineTest.cpp.o
[ 53%] Built target RoutingGraphTest
[ 53%] Building CXX object tests/CMakeFiles/TwoTrackRecordingHarness.dir/TwoTrackRecordingHarness_autogen/mocs_compilation.cpp.o
[ 53%] Building CXX object tests/CMakeFiles/TwoTrackRecordingHarness.dir/src/core/TwoTrackRecordingHarness.cpp.o
[ 53%] Built target PdcMixerTest
[ 53%] Building CXX object tests/CMakeFiles/AutomationTrackTest.dir/AutomationTrackTest_autogen/mocs_compilation.cpp.o
[ 53%] Building CXX object tests/CMakeFiles/AutomationTrackTest.dir/src/tracks/AutomationTrackTest.cpp.o
[ 53%] Built target ScriptBindingsTest
[ 53%] Built target partc_ref_amplifier_autogen_timestamp_deps
[ 53%] Built target partc_ref_bassbooster_autogen_timestamp_deps
[ 53%] Built target partc_ref_bitcrush_autogen_timestamp_deps
[ 53%] Built target partc_ref_dualfilter_autogen_timestamp_deps
[ 53%] Linking CXX executable TwoTrackRecordingHarness
[ 53%] Built target partc_ref_waveshaper_autogen_timestamp_deps
[ 53%] Built target partc_ref_flanger_autogen_timestamp_deps
[ 53%] Built target partc_ref_delay_autogen_timestamp_deps
[ 53%] Built target partc_ref_compressor_autogen_timestamp_deps
[ 53%] Built target partc_ref_crossovereq_autogen_timestamp_deps
[ 53%] Built target partc_ref_dynamicsprocessor_autogen_timestamp_deps
[ 53%] Built target partc_ref_lomm_autogen_timestamp_deps
[ 53%] Built target partc_ref_multitapecho_autogen_timestamp_deps
[ 53%] Built target partc_ref_reverbsc_autogen_timestamp_deps
[ 53%] Built target partc_ref_stereoenhancer_autogen_timestamp_deps
[ 53%] Built target partc_ref_stereomatrix_autogen_timestamp_deps
[ 53%] Built target partc_ref_dispersion_autogen_timestamp_deps
[ 53%] Built target partc_ref_vectorscope_autogen_timestamp_deps
[ 53%] Built target partc_ref_analyzer_autogen_timestamp_deps
[ 53%] Built target partc_ref_granularpitchshifter_autogen_timestamp_deps
[ 53%] Built target partc_ref_eq_autogen_timestamp_deps
[ 53%] Built target partc_ref_freeboy_autogen_timestamp_deps
[ 53%] Built target partc_ref_nes_autogen_timestamp_deps
[ 53%] Built target partc_ref_sid_autogen_timestamp_deps
[ 53%] Built target partc_ref_opulenz_autogen_timestamp_deps
[ 53%] Built target partc_ref_sfxr_autogen_timestamp_deps
[ 53%] Built target partc_ref_bitinvader_autogen_timestamp_deps
[ 53%] Built target partc_ref_watsyn_autogen_timestamp_deps
[ 53%] Built target partc_ref_xpressive_autogen_timestamp_deps
[ 53%] Built target partc_ref_vibedstrings_autogen_timestamp_deps
[ 53%] Built target partc_ref_kicker_autogen_timestamp_deps
[ 53%] Built target partc_ref_tripleoscillator_autogen_timestamp_deps
[ 53%] Built target partc_ref_monstro_autogen_timestamp_deps
[ 53%] Built target partc_ref_organic_autogen_timestamp_deps
[ 53%] Built target partc_ref_audiofileprocessor_autogen_timestamp_deps
[ 53%] Built target partc_ref_lb302_autogen_timestamp_deps
[ 53%] Built target partc_ref_ladspaeffect_autogen_timestamp_deps
[ 53%] Built target partc_ref_frequencyshifter_autogen_timestamp_deps
[ 53%] Built target partc_ref_oscilloscope_autogen_timestamp_deps
[ 53%] Built target partc_ref_slewdistortion_autogen_timestamp_deps
[ 53%] Built target partc_ref_lv2effect_autogen_timestamp_deps
[ 53%] Built target partc_ref_lv2instrument_autogen_timestamp_deps
[ 53%] Built target partc_ref_sf2player_autogen_timestamp_deps
[ 53%] Built target partc_ref_gigplayer_autogen_timestamp_deps
[ 53%] Building CXX object tests/CMakeFiles/AudioPluginTest.dir/AudioPluginTest_autogen/mocs_compilation.cpp.o
[ 53%] Building CXX object tests/CMakeFiles/AudioPluginTest.dir/src/plugins/AudioPluginTest.cpp.o
[ 53%] Linking CXX executable SlideNotesTest
[ 54%] Built target TwoTrackRecordingHarness
[ 54%] Generating audiofileprocessor.qrc
[ 54%] Generating moc_AudioFileProcessor.cpp
[ 54%] Linking CXX executable ScriptEngineTest
[ 54%] Generating moc_AudioFileProcessorView.cpp
[ 54%] Generating moc_AudioFileProcessorWaveView.cpp
[ 54%] Generating qrc_audiofileprocessor.cpp
[ 54%] Linking CXX executable TimelineTest
[ 54%] Building CXX object plugins/AudioFileProcessor/CMakeFiles/audiofileprocessor.dir/AudioFileProcessor.cpp.o
[ 54%] Built target SlideNotesTest
[ 54%] Generating kicker.qrc
[ 55%] Generating moc_Kicker.cpp
[ 55%] Generating qrc_kicker.cpp
[ 55%] Building CXX object plugins/Kicker/CMakeFiles/kicker.dir/Kicker.cpp.o
[ 55%] Linking CXX executable AutomationTrackTest
[ 55%] Built target ScriptEngineTest
[ 55%] Generating tripleoscillator.qrc
[ 55%] Generating moc_TripleOscillator.cpp
[ 55%] Generating qrc_tripleoscillator.cpp
[ 55%] Building CXX object plugins/TripleOscillator/CMakeFiles/tripleoscillator.dir/TripleOscillator.cpp.o
[ 55%] Built target TimelineTest
[ 55%] Generating amplifier.qrc
[ 55%] Generating moc_AmplifierControlDialog.cpp
[ 55%] Generating moc_AmplifierControls.cpp
[ 55%] Generating qrc_amplifier.cpp
[ 55%] Building CXX object plugins/Amplifier/CMakeFiles/amplifier.dir/Amplifier.cpp.o
[ 55%] Linking CXX executable AudioPluginTest
[ 55%] Building CXX object plugins/AudioFileProcessor/CMakeFiles/audiofileprocessor.dir/AudioFileProcessorView.cpp.o
[ 55%] Built target AutomationTrackTest
[ 55%] Generating bassbooster.qrc
[ 55%] Generating moc_BassBoosterControlDialog.cpp
[ 55%] Generating moc_BassBoosterControls.cpp
[ 55%] Generating qrc_bassbooster.cpp
[ 55%] Building CXX object plugins/BassBooster/CMakeFiles/bassbooster.dir/BassBooster.cpp.o
[ 55%] Building CXX object plugins/Kicker/CMakeFiles/kicker.dir/moc_Kicker.cpp.o
[ 55%] Built target AudioPluginTest
[ 55%] Generating bitinvader.qrc
[ 55%] Generating moc_BitInvader.cpp
[ 55%] Building CXX object plugins/TripleOscillator/CMakeFiles/tripleoscillator.dir/moc_TripleOscillator.cpp.o
[ 55%] Building CXX object plugins/Amplifier/CMakeFiles/amplifier.dir/AmplifierControls.cpp.o
[ 55%] Generating qrc_bitinvader.cpp
[ 55%] Building CXX object plugins/BitInvader/CMakeFiles/bitinvader.dir/BitInvader.cpp.o
[ 55%] Building CXX object plugins/AudioFileProcessor/CMakeFiles/audiofileprocessor.dir/AudioFileProcessorWaveView.cpp.o
[ 55%] Building CXX object plugins/Kicker/CMakeFiles/kicker.dir/qrc_kicker.cpp.o
[ 55%] Linking CXX shared module ../libkicker.so
[ 55%] Built target kicker
[ 55%] Building CXX object plugins/BassBooster/CMakeFiles/bassbooster.dir/BassBoosterControls.cpp.o
[ 55%] Building CXX object plugins/BassBooster/CMakeFiles/bassbooster.dir/BassBoosterControlDialog.cpp.o
[ 55%] Building CXX object plugins/TripleOscillator/CMakeFiles/tripleoscillator.dir/qrc_tripleoscillator.cpp.o
[ 55%] Building CXX object plugins/Amplifier/CMakeFiles/amplifier.dir/AmplifierControlDialog.cpp.o
[ 55%] Linking CXX shared module ../libtripleoscillator.so
[ 55%] Building CXX object plugins/BitInvader/CMakeFiles/bitinvader.dir/moc_BitInvader.cpp.o
[ 55%] Built target tripleoscillator
[ 55%] Generating bitcrush.qrc
[ 55%] Generating moc_BitcrushControlDialog.cpp
[ 55%] Generating moc_BitcrushControls.cpp
[ 55%] Generating qrc_bitcrush.cpp
[ 55%] Building CXX object plugins/Bitcrush/CMakeFiles/bitcrush.dir/Bitcrush.cpp.o
[ 55%] Building CXX object plugins/AudioFileProcessor/CMakeFiles/audiofileprocessor.dir/moc_AudioFileProcessor.cpp.o
[ 55%] Building CXX object plugins/BassBooster/CMakeFiles/bassbooster.dir/moc_BassBoosterControls.cpp.o
[ 55%] Building CXX object plugins/BassBooster/CMakeFiles/bassbooster.dir/moc_BassBoosterControlDialog.cpp.o
[ 55%] Building CXX object plugins/BitInvader/CMakeFiles/bitinvader.dir/qrc_bitinvader.cpp.o
[ 55%] Building CXX object plugins/Amplifier/CMakeFiles/amplifier.dir/moc_AmplifierControls.cpp.o
[ 55%] Linking CXX shared module ../libbitinvader.so
[ 55%] Built target bitinvader
[ 55%] Generating carlabase.qrc
[ 55%] Generating moc_Carla.cpp
[ 55%] Generating qrc_carlabase.cpp
[ 55%] Building CXX object plugins/CarlaBase/CMakeFiles/carlabase.dir/Carla.cpp.o
[ 55%] Building CXX object plugins/BassBooster/CMakeFiles/bassbooster.dir/qrc_bassbooster.cpp.o
[ 56%] Building CXX object plugins/Bitcrush/CMakeFiles/bitcrush.dir/BitcrushControls.cpp.o
[ 56%] Building CXX object plugins/CarlaBase/CMakeFiles/carlabase.dir/moc_Carla.cpp.o
[ 56%] Building CXX object plugins/AudioFileProcessor/CMakeFiles/audiofileprocessor.dir/moc_AudioFileProcessorView.cpp.o
[ 56%] Linking CXX shared module ../libbassbooster.so
[ 56%] Built target bassbooster
[ 56%] Generating compressor.qrc
[ 56%] Generating __/Eq/moc_EqFader.cpp
[ 56%] Generating moc_Compressor.cpp
[ 56%] Generating moc_CompressorControlDialog.cpp
[ 56%] Generating moc_CompressorControls.cpp
[ 56%] Generating qrc_compressor.cpp
[ 56%] Building CXX object plugins/Amplifier/CMakeFiles/amplifier.dir/moc_AmplifierControlDialog.cpp.o
[ 56%] Building CXX object plugins/Compressor/CMakeFiles/compressor.dir/Compressor.cpp.o
[ 56%] Building CXX object plugins/AudioFileProcessor/CMakeFiles/audiofileprocessor.dir/moc_AudioFileProcessorWaveView.cpp.o
[ 56%] Building CXX object plugins/CarlaBase/CMakeFiles/carlabase.dir/qrc_carlabase.cpp.o
[ 56%] Building CXX object plugins/Compressor/CMakeFiles/compressor.dir/CompressorControls.cpp.o
[ 56%] Building CXX object plugins/Bitcrush/CMakeFiles/bitcrush.dir/BitcrushControlDialog.cpp.o
[ 57%] Linking CXX shared library ../libcarlabase.so
[ 57%] Building CXX object plugins/Amplifier/CMakeFiles/amplifier.dir/qrc_amplifier.cpp.o
[ 57%] Linking CXX shared module ../libamplifier.so
[ 57%] Built target carlabase
[ 57%] Generating crossovereq.qrc
[ 57%] Generating moc_CrossoverEQControlDialog.cpp
[ 57%] Built target amplifier
[ 57%] Generating delay.qrc
[ 58%] Generating __/Eq/moc_EqFader.cpp
[ 58%] Generating moc_CrossoverEQControls.cpp
[ 58%] Generating moc_DelayControls.cpp
[ 58%] Generating qrc_crossovereq.cpp
[ 58%] Building CXX object plugins/CrossoverEQ/CMakeFiles/crossovereq.dir/CrossoverEQ.cpp.o
[ 58%] Generating moc_DelayControlsDialog.cpp
[ 58%] Generating qrc_delay.cpp
[ 58%] Building CXX object plugins/Delay/CMakeFiles/delay.dir/DelayEffect.cpp.o
[ 58%] Building CXX object plugins/Compressor/CMakeFiles/compressor.dir/CompressorControlDialog.cpp.o
[ 58%] Building CXX object plugins/AudioFileProcessor/CMakeFiles/audiofileprocessor.dir/qrc_audiofileprocessor.cpp.o
[ 58%] Linking CXX shared module ../libaudiofileprocessor.so
[ 58%] Building CXX object plugins/Compressor/CMakeFiles/compressor.dir/moc_Compressor.cpp.o
[ 58%] Building CXX object plugins/Bitcrush/CMakeFiles/bitcrush.dir/moc_BitcrushControls.cpp.o
[ 58%] Built target audiofileprocessor
[ 58%] Generating moc_DispersionControls.cpp
[ 58%] Generating moc_DispersionControlDialog.cpp
[ 58%] Building CXX object plugins/Dispersion/CMakeFiles/dispersion.dir/Dispersion.cpp.o
[ 58%] Building CXX object plugins/CrossoverEQ/CMakeFiles/crossovereq.dir/CrossoverEQControls.cpp.o
[ 58%] Building CXX object plugins/Delay/CMakeFiles/delay.dir/DelayControls.cpp.o
[ 58%] Building CXX object plugins/Compressor/CMakeFiles/compressor.dir/moc_CompressorControls.cpp.o
[ 58%] Building CXX object plugins/Bitcrush/CMakeFiles/bitcrush.dir/moc_BitcrushControlDialog.cpp.o
[ 58%] Building CXX object plugins/Compressor/CMakeFiles/compressor.dir/moc_CompressorControlDialog.cpp.o
[ 58%] Building CXX object plugins/Dispersion/CMakeFiles/dispersion.dir/DispersionControls.cpp.o
[ 58%] Building CXX object plugins/CrossoverEQ/CMakeFiles/crossovereq.dir/CrossoverEQControlDialog.cpp.o
[ 58%] Building CXX object plugins/Bitcrush/CMakeFiles/bitcrush.dir/qrc_bitcrush.cpp.o
[ 58%] Linking CXX shared module ../libbitcrush.so
[ 58%] Building CXX object plugins/Delay/CMakeFiles/delay.dir/DelayControlsDialog.cpp.o
[ 58%] Built target bitcrush
[ 58%] Building CXX object plugins/Delay/CMakeFiles/delay.dir/Lfo.cpp.o
[ 58%] Generating dualfilter.qrc
[ 58%] Generating moc_DualFilterControlDialog.cpp
[ 58%] Building CXX object plugins/Compressor/CMakeFiles/compressor.dir/__/Eq/moc_EqFader.cpp.o
[ 58%] Generating moc_DualFilterControls.cpp
[ 58%] Building CXX object plugins/Delay/CMakeFiles/delay.dir/StereoDelay.cpp.o
[ 58%] Generating qrc_dualfilter.cpp
[ 58%] Building CXX object plugins/DualFilter/CMakeFiles/dualfilter.dir/DualFilter.cpp.o
[ 58%] Building CXX object plugins/Delay/CMakeFiles/delay.dir/moc_DelayControls.cpp.o
[ 58%] Building CXX object plugins/Dispersion/CMakeFiles/dispersion.dir/DispersionControlDialog.cpp.o
[ 58%] Building CXX object plugins/CrossoverEQ/CMakeFiles/crossovereq.dir/moc_CrossoverEQControls.cpp.o
[ 58%] Building CXX object plugins/Delay/CMakeFiles/delay.dir/moc_DelayControlsDialog.cpp.o
[ 58%] Building CXX object plugins/Compressor/CMakeFiles/compressor.dir/qrc_compressor.cpp.o
[ 58%] Linking CXX shared module ../libcompressor.so
[ 58%] Building CXX object plugins/Delay/CMakeFiles/delay.dir/__/Eq/moc_EqFader.cpp.o
[ 58%] Building CXX object plugins/DualFilter/CMakeFiles/dualfilter.dir/DualFilterControls.cpp.o
[ 58%] Built target compressor
[ 58%] Generating dynamicsprocessor.qrc
[ 58%] Generating moc_DynamicsProcessorControlDialog.cpp
[ 58%] Generating moc_DynamicsProcessorControls.cpp
[ 58%] Generating qrc_dynamicsprocessor.cpp
[ 58%] Building CXX object plugins/DynamicsProcessor/CMakeFiles/dynamicsprocessor.dir/DynamicsProcessor.cpp.o
[ 58%] Building CXX object plugins/Dispersion/CMakeFiles/dispersion.dir/moc_DispersionControls.cpp.o
[ 58%] Building CXX object plugins/Delay/CMakeFiles/delay.dir/qrc_delay.cpp.o
[ 58%] Generating eq.qrc
[ 58%] Generating moc_EqControls.cpp
[ 58%] Generating moc_EqControlsDialog.cpp
[ 58%] Building CXX object plugins/CrossoverEQ/CMakeFiles/crossovereq.dir/moc_CrossoverEQControlDialog.cpp.o
[ 58%] Generating moc_EqCurve.cpp
[ 58%] Generating moc_EqFader.cpp
[ 58%] Generating moc_EqParameterWidget.cpp
[ 58%] Generating moc_EqSpectrumView.cpp
[ 58%] Generating qrc_eq.cpp
[ 58%] Building CXX object plugins/Eq/CMakeFiles/eq.dir/EqEffect.cpp.o
[ 58%] Linking CXX shared module ../libdelay.so
[ 58%] Building CXX object plugins/DualFilter/CMakeFiles/dualfilter.dir/DualFilterControlDialog.cpp.o
[ 58%] Built target delay
[ 58%] Generating flanger.qrc
[ 59%] Generating moc_FlangerControls.cpp
[ 59%] Generating moc_FlangerControlsDialog.cpp
[ 59%] Generating qrc_flanger.cpp
[ 59%] Building CXX object plugins/Flanger/CMakeFiles/flanger.dir/FlangerEffect.cpp.o
[ 59%] Building CXX object plugins/Dispersion/CMakeFiles/dispersion.dir/moc_DispersionControlDialog.cpp.o
[ 59%] Building CXX object plugins/CrossoverEQ/CMakeFiles/crossovereq.dir/qrc_crossovereq.cpp.o
[ 59%] Linking CXX shared module ../libcrossovereq.so
[ 59%] Building CXX object plugins/DynamicsProcessor/CMakeFiles/dynamicsprocessor.dir/DynamicsProcessorControls.cpp.o
[ 59%] Built target crossovereq
[ 59%] Generating frequencyshifter.qrc
[ 60%] Generating moc_FrequencyShifterControlDialog.cpp
[ 60%] Generating moc_FrequencyShifterControls.cpp
[ 60%] Generating moc_FrequencyShifterEffect.cpp
[ 60%] Generating qrc_frequencyshifter.cpp
[ 60%] Building CXX object plugins/FrequencyShifter/CMakeFiles/frequencyshifter.dir/FrequencyShifterEffect.cpp.o
[ 60%] Building CXX object plugins/Eq/CMakeFiles/eq.dir/EqCurve.cpp.o
[ 60%] Linking CXX shared module ../libdispersion.so
[ 60%] Built target dispersion
[ 60%] Generating granularpitchshifter.qrc
[ 60%] Generating moc_GranularPitchShifterControlDialog.cpp
[ 60%] Building CXX object plugins/DualFilter/CMakeFiles/dualfilter.dir/moc_DualFilterControls.cpp.o
[ 60%] Generating moc_GranularPitchShifterControls.cpp
[ 60%] Generating qrc_granularpitchshifter.cpp
[ 60%] Building CXX object plugins/GranularPitchShifter/CMakeFiles/granularpitchshifter.dir/GranularPitchShifterEffect.cpp.o
[ 60%] Building CXX object plugins/Flanger/CMakeFiles/flanger.dir/FlangerControls.cpp.o
[ 61%] Building CXX object plugins/DynamicsProcessor/CMakeFiles/dynamicsprocessor.dir/DynamicsProcessorControlDialog.cpp.o
[ 61%] Building CXX object plugins/FrequencyShifter/CMakeFiles/frequencyshifter.dir/FrequencyShifterControls.cpp.o
[ 61%] Building CXX object plugins/Eq/CMakeFiles/eq.dir/EqControls.cpp.o
[ 61%] Building CXX object plugins/DualFilter/CMakeFiles/dualfilter.dir/moc_DualFilterControlDialog.cpp.o
[ 61%] Building CXX object plugins/Flanger/CMakeFiles/flanger.dir/FlangerControlsDialog.cpp.o
[ 61%] Building CXX object plugins/DynamicsProcessor/CMakeFiles/dynamicsprocessor.dir/moc_DynamicsProcessorControls.cpp.o
[ 61%] Building CXX object plugins/GranularPitchShifter/CMakeFiles/granularpitchshifter.dir/GranularPitchShifterControls.cpp.o
[ 61%] Building CXX object plugins/DualFilter/CMakeFiles/dualfilter.dir/qrc_dualfilter.cpp.o
[ 61%] Linking CXX shared module ../libdualfilter.so
[ 61%] Building CXX object plugins/FrequencyShifter/CMakeFiles/frequencyshifter.dir/FrequencyShifterControlDialog.cpp.o
[ 61%] Built target dualfilter
[ 61%] Building CXX object plugins/HydrogenImport/CMakeFiles/hydrogenimport.dir/HydrogenImport.cpp.o
[ 62%] Building CXX object plugins/Eq/CMakeFiles/eq.dir/EqControlsDialog.cpp.o
[ 62%] Building CXX object plugins/Flanger/CMakeFiles/flanger.dir/MonoDelay.cpp.o
[ 62%] Building CXX object plugins/DynamicsProcessor/CMakeFiles/dynamicsprocessor.dir/moc_DynamicsProcessorControlDialog.cpp.o
[ 62%] Building CXX object plugins/Flanger/CMakeFiles/flanger.dir/moc_FlangerControls.cpp.o
[ 62%] Building CXX object plugins/GranularPitchShifter/CMakeFiles/granularpitchshifter.dir/GranularPitchShifterControlDialog.cpp.o
[ 62%] Building CXX object plugins/FrequencyShifter/CMakeFiles/frequencyshifter.dir/moc_FrequencyShifterEffect.cpp.o
[ 62%] Building CXX object plugins/HydrogenImport/CMakeFiles/hydrogenimport.dir/LocalFileMng.cpp.o
[ 62%] Building CXX object plugins/DynamicsProcessor/CMakeFiles/dynamicsprocessor.dir/qrc_dynamicsprocessor.cpp.o
[ 62%] Building CXX object plugins/Eq/CMakeFiles/eq.dir/EqParameterWidget.cpp.o
[ 62%] Linking CXX shared module ../libdynamicsprocessor.so
[ 62%] Built target dynamicsprocessor
[ 62%] Generating ladspabrowser.qrc
[ 62%] Generating moc_LadspaBrowser.cpp
[ 62%] Building CXX object plugins/Flanger/CMakeFiles/flanger.dir/moc_FlangerControlsDialog.cpp.o
[ 62%] Generating moc_LadspaDescription.cpp
[ 62%] Generating moc_LadspaPortDialog.cpp
[ 62%] Generating qrc_ladspabrowser.cpp
[ 62%] Building CXX object plugins/LadspaBrowser/CMakeFiles/ladspabrowser.dir/LadspaBrowser.cpp.o
[ 62%] Building CXX object plugins/GranularPitchShifter/CMakeFiles/granularpitchshifter.dir/moc_GranularPitchShifterControls.cpp.o
[ 62%] Linking CXX shared module ../libhydrogenimport.so
[ 62%] Built target hydrogenimport
[ 62%] Generating ladspaeffect.qrc
[ 62%] Generating moc_LadspaControlDialog.cpp
[ 62%] Generating moc_LadspaControls.cpp
[ 62%] Generating moc_LadspaEffect.cpp
[ 62%] Generating moc_LadspaMatrixControlDialog.cpp
[ 62%] Building CXX object plugins/Eq/CMakeFiles/eq.dir/EqSpectrumView.cpp.o
[ 62%] Generating qrc_ladspaeffect.cpp
[ 62%] Building CXX object plugins/LadspaEffect/CMakeFiles/ladspaeffect.dir/LadspaEffect.cpp.o
[ 62%] Building CXX object plugins/Flanger/CMakeFiles/flanger.dir/qrc_flanger.cpp.o
[ 62%] Linking CXX shared module ../libflanger.so
[ 62%] Building CXX object plugins/FrequencyShifter/CMakeFiles/frequencyshifter.dir/moc_FrequencyShifterControls.cpp.o
[ 62%] Built target flanger
[ 62%] Generating lomm.qrc
[ 62%] Generating moc_LOMM.cpp
[ 62%] Building CXX object plugins/LadspaBrowser/CMakeFiles/ladspabrowser.dir/LadspaDescription.cpp.o
[ 62%] Generating moc_LOMMControlDialog.cpp
[ 63%] Generating moc_LOMMControls.cpp
[ 63%] Generating qrc_lomm.cpp
[ 63%] Building CXX object plugins/LOMM/CMakeFiles/lomm.dir/LOMM.cpp.o
[ 63%] Building CXX object plugins/GranularPitchShifter/CMakeFiles/granularpitchshifter.dir/moc_GranularPitchShifterControlDialog.cpp.o
[ 63%] Building CXX object plugins/Eq/CMakeFiles/eq.dir/moc_EqControls.cpp.o
[ 63%] Building CXX object plugins/FrequencyShifter/CMakeFiles/frequencyshifter.dir/moc_FrequencyShifterControlDialog.cpp.o
[ 63%] Building CXX object plugins/LadspaBrowser/CMakeFiles/ladspabrowser.dir/LadspaPortDialog.cpp.o
[ 63%] Building CXX object plugins/LadspaEffect/CMakeFiles/ladspaeffect.dir/LadspaControls.cpp.o
[ 63%] Building CXX object plugins/GranularPitchShifter/CMakeFiles/granularpitchshifter.dir/qrc_granularpitchshifter.cpp.o
[ 63%] Linking CXX shared module ../libgranularpitchshifter.so
[ 63%] Built target granularpitchshifter
[ 63%] Generating lv2effect.qrc
[ 63%] Generating moc_Lv2Effect.cpp
[ 63%] Generating moc_Lv2FxControlDialog.cpp
[ 63%] Building CXX object plugins/LOMM/CMakeFiles/lomm.dir/LOMMControls.cpp.o
[ 63%] Generating moc_Lv2FxControls.cpp
[ 63%] Generating qrc_lv2effect.cpp
[ 64%] Building CXX object plugins/Lv2Effect/CMakeFiles/lv2effect.dir/Lv2Effect.cpp.o
[ 64%] Building CXX object plugins/FrequencyShifter/CMakeFiles/frequencyshifter.dir/qrc_frequencyshifter.cpp.o
[ 64%] Linking CXX shared module ../libfrequencyshifter.so
[ 64%] Building CXX object plugins/Eq/CMakeFiles/eq.dir/moc_EqControlsDialog.cpp.o
[ 64%] Built target frequencyshifter
[ 64%] Generating lv2instrument.qrc
[ 64%] Generating moc_Lv2Instrument.cpp
[ 64%] Generating qrc_lv2instrument.cpp
[ 64%] Building CXX object plugins/Lv2Instrument/CMakeFiles/lv2instrument.dir/Lv2Instrument.cpp.o
[ 64%] Building CXX object plugins/LadspaBrowser/CMakeFiles/ladspabrowser.dir/moc_LadspaBrowser.cpp.o
[ 64%] Building CXX object plugins/LadspaEffect/CMakeFiles/ladspaeffect.dir/LadspaControlDialog.cpp.o
[ 64%] Building CXX object plugins/LOMM/CMakeFiles/lomm.dir/LOMMControlDialog.cpp.o
[ 64%] Building CXX object plugins/Eq/CMakeFiles/eq.dir/moc_EqCurve.cpp.o
[ 64%] Building CXX object plugins/Lv2Effect/CMakeFiles/lv2effect.dir/Lv2FxControls.cpp.o
[ 64%] Building CXX object plugins/LadspaBrowser/CMakeFiles/ladspabrowser.dir/moc_LadspaDescription.cpp.o
[ 64%] Building CXX object plugins/Lv2Instrument/CMakeFiles/lv2instrument.dir/moc_Lv2Instrument.cpp.o
[ 64%] Building CXX object plugins/Eq/CMakeFiles/eq.dir/moc_EqParameterWidget.cpp.o
[ 64%] Building CXX object plugins/LadspaEffect/CMakeFiles/ladspaeffect.dir/LadspaMatrixControlDialog.cpp.o
[ 64%] Building CXX object plugins/Lv2Effect/CMakeFiles/lv2effect.dir/Lv2FxControlDialog.cpp.o
[ 64%] Building CXX object plugins/LOMM/CMakeFiles/lomm.dir/moc_LOMM.cpp.o
[ 64%] Building CXX object plugins/LadspaBrowser/CMakeFiles/ladspabrowser.dir/moc_LadspaPortDialog.cpp.o
[ 64%] Building CXX object plugins/Lv2Instrument/CMakeFiles/lv2instrument.dir/qrc_lv2instrument.cpp.o
[ 64%] Linking CXX shared module ../liblv2instrument.so
[ 64%] Building CXX object plugins/Eq/CMakeFiles/eq.dir/moc_EqFader.cpp.o
[ 64%] Built target lv2instrument
[ 64%] Generating lb302.qrc
[ 64%] Generating moc_Lb302.cpp
[ 64%] Generating qrc_lb302.cpp
[ 64%] Building CXX object plugins/Lb302/CMakeFiles/lb302.dir/Lb302.cpp.o
[ 64%] Building CXX object plugins/LadspaEffect/CMakeFiles/ladspaeffect.dir/LadspaSubPluginFeatures.cpp.o
[ 64%] Building CXX object plugins/LadspaBrowser/CMakeFiles/ladspabrowser.dir/qrc_ladspabrowser.cpp.o
[ 65%] Linking CXX shared module ../libladspabrowser.so
[ 65%] Built target ladspabrowser
[ 65%] Generating moc_MidiImport.cpp
[ 65%] Building CXX object plugins/Lv2Effect/CMakeFiles/lv2effect.dir/moc_Lv2Effect.cpp.o
[ 65%] Building CXX object plugins/MidiImport/CMakeFiles/midiimport.dir/MidiImport.cpp.o
[ 65%] Building CXX object plugins/LOMM/CMakeFiles/lomm.dir/moc_LOMMControls.cpp.o
[ 65%] Building CXX object plugins/Eq/CMakeFiles/eq.dir/moc_EqSpectrumView.cpp.o
[ 65%] Building CXX object plugins/LadspaEffect/CMakeFiles/ladspaeffect.dir/LadspaWidgetFactory.cpp.o
[ 65%] Building CXX object plugins/Lb302/CMakeFiles/lb302.dir/moc_Lb302.cpp.o
[ 65%] Building CXX object plugins/Lv2Effect/CMakeFiles/lv2effect.dir/moc_Lv2FxControls.cpp.o
[ 65%] Building CXX object plugins/LOMM/CMakeFiles/lomm.dir/moc_LOMMControlDialog.cpp.o
[ 65%] Building CXX object plugins/Eq/CMakeFiles/eq.dir/qrc_eq.cpp.o
[ 65%] Linking CXX shared module ../libeq.so
[ 65%] Building CXX object plugins/MidiImport/CMakeFiles/midiimport.dir/portsmf/src/allegro.cpp.o
[ 65%] Built target eq
[ 65%] Generating moc_MidiExport.cpp
/home/kruzzzzy/Documents/AI_KOS_PROJECT/projects/lmms-fl-research/zene-gates/plugins/MidiExport/MidiExport.h:0:1: note: No relevant classes found. No output generated.
[ 65%] Building CXX object plugins/MidiExport/CMakeFiles/midiexport.dir/MidiExport.cpp.o
[ 65%] Building CXX object plugins/LadspaEffect/CMakeFiles/ladspaeffect.dir/moc_LadspaEffect.cpp.o
[ 65%] Building CXX object plugins/MidiImport/CMakeFiles/midiimport.dir/portsmf/src/mfmidi.cpp.o
[ 65%] Building CXX object plugins/MidiImport/CMakeFiles/midiimport.dir/portsmf/src/strparse.cpp.o
[ 66%] Building CXX object plugins/MidiImport/CMakeFiles/midiimport.dir/portsmf/src/allegrosmfrd.cpp.o
[ 66%] Building CXX object plugins/Lb302/CMakeFiles/lb302.dir/qrc_lb302.cpp.o
[ 66%] Linking CXX shared module ../liblb302.so
[ 66%] Building CXX object plugins/MidiImport/CMakeFiles/midiimport.dir/portsmf/src/allegrord.cpp.o
[ 66%] Building CXX object plugins/LOMM/CMakeFiles/lomm.dir/qrc_lomm.cpp.o
[ 66%] Building CXX object plugins/Lv2Effect/CMakeFiles/lv2effect.dir/moc_Lv2FxControlDialog.cpp.o
[ 66%] Linking CXX shared module ../liblomm.so
[ 66%] Built target lb302
[ 66%] Generating multitapecho.qrc
[ 66%] Generating moc_MultitapEchoControlDialog.cpp
[ 66%] Building CXX object plugins/MidiImport/CMakeFiles/midiimport.dir/moc_MidiImport.cpp.o
[ 66%] Generating moc_MultitapEchoControls.cpp
[ 66%] Generating qrc_multitapecho.cpp
[ 66%] Building CXX object plugins/MultitapEcho/CMakeFiles/multitapecho.dir/MultitapEcho.cpp.o
[ 66%] Built target lomm
[ 66%] Generating monstro.qrc
[ 66%] Generating moc_Monstro.cpp
[ 66%] Generating qrc_monstro.cpp
[ 66%] Building CXX object plugins/Monstro/CMakeFiles/monstro.dir/Monstro.cpp.o
[ 66%] Building CXX object plugins/LadspaEffect/CMakeFiles/ladspaeffect.dir/moc_LadspaControls.cpp.o
[ 66%] Building CXX object plugins/MidiExport/CMakeFiles/midiexport.dir/moc_MidiExport.cpp.o
[ 66%] Linking CXX shared module ../libmidiexport.so
[ 66%] Building CXX object plugins/Lv2Effect/CMakeFiles/lv2effect.dir/qrc_lv2effect.cpp.o
[ 66%] Linking CXX shared module ../liblv2effect.so
[ 66%] Built target midiexport
[ 66%] Generating nes.qrc
[ 67%] Generating moc_Nes.cpp
[ 67%] Generating qrc_nes.cpp
[ 67%] Building CXX object plugins/Nes/CMakeFiles/nes.dir/Nes.cpp.o
[ 67%] Linking CXX shared module ../libmidiimport.so
[ 67%] Built target lv2effect
[ 67%] Generating moc_NeuralAmpEffect.cpp
[ 67%] Generating moc_NeuralAmpControlDialog.cpp
[ 67%] Generating moc_NeuralAmpControls.cpp
[ 67%] Building CXX object plugins/NeuralAmp/CMakeFiles/neuralamp.dir/NeuralAmpEffect.cpp.o
[ 67%] Built target midiimport
[ 67%] Generating opulenz.qrc
[ 67%] Generating moc_OpulenZ.cpp
[ 67%] Generating qrc_opulenz.cpp
[ 67%] Building CXX object plugins/OpulenZ/CMakeFiles/opulenz.dir/OpulenZ.cpp.o
[ 68%] Building CXX object plugins/MultitapEcho/CMakeFiles/multitapecho.dir/MultitapEchoControls.cpp.o
[ 68%] Building CXX object plugins/Monstro/CMakeFiles/monstro.dir/moc_Monstro.cpp.o
[ 68%] Building CXX object plugins/LadspaEffect/CMakeFiles/ladspaeffect.dir/moc_LadspaControlDialog.cpp.o
[ 68%] Building CXX object plugins/Nes/CMakeFiles/nes.dir/moc_Nes.cpp.o
[ 68%] Building CXX object plugins/OpulenZ/CMakeFiles/opulenz.dir/moc_OpulenZ.cpp.o
[ 68%] Building CXX object plugins/LadspaEffect/CMakeFiles/ladspaeffect.dir/moc_LadspaMatrixControlDialog.cpp.o
[ 68%] Building CXX object plugins/MultitapEcho/CMakeFiles/multitapecho.dir/MultitapEchoControlDialog.cpp.o
[ 68%] Building CXX object plugins/NeuralAmp/CMakeFiles/neuralamp.dir/NeuralAmpControls.cpp.o
[ 68%] Building CXX object plugins/Monstro/CMakeFiles/monstro.dir/qrc_monstro.cpp.o
[ 68%] Linking CXX shared module ../libmonstro.so
[ 68%] Building CXX object plugins/Nes/CMakeFiles/nes.dir/qrc_nes.cpp.o
[ 68%] Linking CXX shared module ../libnes.so
[ 68%] Built target monstro
[ 68%] Generating organic.qrc
[ 68%] Generating moc_Organic.cpp
[ 68%] Generating qrc_organic.cpp
[ 68%] Building CXX object plugins/Organic/CMakeFiles/organic.dir/Organic.cpp.o
[ 68%] Built target nes
[ 69%] Generating moc_OscilloscopeGraph.cpp
[ 69%] Generating moc_OscilloscopeControlDialog.cpp
[ 69%] Building CXX object plugins/OpulenZ/CMakeFiles/opulenz.dir/qrc_opulenz.cpp.o
[ 69%] Generating moc_OscilloscopeControls.cpp
[ 69%] Building CXX object plugins/Oscilloscope/CMakeFiles/oscilloscope.dir/Oscilloscope.cpp.o
[ 69%] Linking CXX shared module ../libopulenz.so
[ 69%] Building CXX object plugins/LadspaEffect/CMakeFiles/ladspaeffect.dir/qrc_ladspaeffect.cpp.o
[ 70%] Linking CXX shared module ../libladspaeffect.so
[ 70%] Built target ladspaeffect
[ 70%] Built target opulenz
[ 70%] Generating freeboy.qrc
[ 70%] Generating patman.qrc
[ 70%] Generating moc_FreeBoy.cpp
[ 70%] Generating moc_Patman.cpp
[ 70%] Generating qrc_freeboy.cpp
[ 70%] Generating qrc_patman.cpp
[ 70%] Building CXX object plugins/Patman/CMakeFiles/patman.dir/Patman.cpp.o
[ 70%] Building CXX object plugins/FreeBoy/CMakeFiles/freeboy.dir/FreeBoy.cpp.o
[ 70%] Building CXX object plugins/MultitapEcho/CMakeFiles/multitapecho.dir/moc_MultitapEchoControls.cpp.o
[ 70%] Building CXX object plugins/NeuralAmp/CMakeFiles/neuralamp.dir/NeuralAmpControlDialog.cpp.o
[ 70%] Building CXX object plugins/Organic/CMakeFiles/organic.dir/moc_Organic.cpp.o
[ 70%] Building CXX object plugins/Oscilloscope/CMakeFiles/oscilloscope.dir/OscilloscopeControls.cpp.o
[ 70%] Building CXX object plugins/MultitapEcho/CMakeFiles/multitapecho.dir/moc_MultitapEchoControlDialog.cpp.o
[ 70%] Building CXX object plugins/FreeBoy/CMakeFiles/freeboy.dir/GbApuWrapper.cpp.o
[ 70%] Building CXX object plugins/FreeBoy/CMakeFiles/freeboy.dir/moc_FreeBoy.cpp.o
[ 70%] Building CXX object plugins/NeuralAmp/CMakeFiles/neuralamp.dir/nam/NamModel.cpp.o
[ 70%] Building CXX object plugins/Patman/CMakeFiles/patman.dir/moc_Patman.cpp.o
[ 70%] Building CXX object plugins/Organic/CMakeFiles/organic.dir/qrc_organic.cpp.o
[ 70%] Linking CXX shared module ../liborganic.so
[ 70%] Built target organic
[ 70%] Generating peakcontrollereffect.qrc
[ 70%] Generating moc_PeakControllerEffectControlDialog.cpp
[ 70%] Generating moc_PeakControllerEffectControls.cpp
[ 70%] Building CXX object plugins/MultitapEcho/CMakeFiles/multitapecho.dir/qrc_multitapecho.cpp.o
[ 70%] Linking CXX shared module ../libmultitapecho.so
[ 70%] Generating qrc_peakcontrollereffect.cpp
[ 70%] Building CXX object plugins/PeakControllerEffect/CMakeFiles/peakcontrollereffect.dir/PeakControllerEffect.cpp.o
[ 70%] Building CXX object plugins/Oscilloscope/CMakeFiles/oscilloscope.dir/OscilloscopeControlDialog.cpp.o
[ 70%] Building CXX object plugins/FreeBoy/CMakeFiles/freeboy.dir/qrc_freeboy.cpp.o
[ 70%] Linking CXX shared module ../libfreeboy.so
[ 70%] Built target multitapecho
[ 70%] Built target gigplayer_autogen_timestamp_deps
[ 70%] Generating reverbsc.qrc
[ 70%] Generating moc_ReverbSCControlDialog.cpp
[ 70%] Generating moc_ReverbSCControls.cpp
[ 70%] Generating qrc_reverbsc.cpp
[ 70%] Building CXX object plugins/ReverbSC/CMakeFiles/reverbsc.dir/ReverbSC.cpp.o
[ 70%] Built target freeboy
[ 70%] Generating rnnoisedenoiser.qrc
[ 70%] Generating moc_RnnoiseDenoiserControlDialog.cpp
[ 70%] Generating moc_RnnoiseDenoiserControls.cpp
[ 70%] Generating moc_RnnoiseDenoiserEffect.cpp
[ 70%] Generating qrc_rnnoisedenoiser.cpp
[ 71%] Building CXX object plugins/RnnoiseDenoiser/CMakeFiles/rnnoisedenoiser.dir/RnnoiseDenoiserEffect.cpp.o
[ 71%] Building CXX object plugins/Patman/CMakeFiles/patman.dir/qrc_patman.cpp.o
[ 71%] Linking CXX shared module ../libpatman.so
[ 71%] Built target patman
[ 71%] Built target sf2player_autogen_timestamp_deps
[ 71%] Generating sfxr.qrc
[ 71%] Generating moc_Sfxr.cpp
[ 72%] Generating qrc_sfxr.cpp
[ 72%] Building CXX object plugins/Sfxr/CMakeFiles/sfxr.dir/Sfxr.cpp.o
[ 72%] Building CXX object plugins/Oscilloscope/CMakeFiles/oscilloscope.dir/OscilloscopeGraph.cpp.o
[ 73%] Building CXX object plugins/PeakControllerEffect/CMakeFiles/peakcontrollereffect.dir/PeakControllerEffectControls.cpp.o
[ 73%] Building CXX object plugins/NeuralAmp/CMakeFiles/neuralamp.dir/nam/NamModelLoader.cpp.o
[ 73%] Building CXX object plugins/ReverbSC/CMakeFiles/reverbsc.dir/ReverbSCControls.cpp.o
[ 73%] Building CXX object plugins/RnnoiseDenoiser/CMakeFiles/rnnoisedenoiser.dir/RnnoiseDenoiserControls.cpp.o
/home/kruzzzzy/Documents/AI_KOS_PROJECT/projects/lmms-fl-research/zene-gates/plugins/Oscilloscope/OscilloscopeGraph.cpp: In member function ‘virtual void lmms::gui::OscilloscopeGraph::mousePressEvent(QMouseEvent*)’:
/home/kruzzzzy/Documents/AI_KOS_PROJECT/projects/lmms-fl-research/zene-gates/plugins/Oscilloscope/OscilloscopeGraph.cpp:167:78: warning: ‘int QMouseEvent::x() const’ is deprecated: Use position() [-Wdeprecated-declarations]
  167 | void OscilloscopeGraph::mousePressEvent(QMouseEvent* me) { m_mousePos = me->x(); }
      |                                                                         ~~~~~^~
In file included from /usr/include/x86_64-linux-gnu/qt6/QtGui/QWheelEvent:1,
                 from /home/kruzzzzy/Documents/AI_KOS_PROJECT/projects/lmms-fl-research/zene-gates/plugins/Oscilloscope/OscilloscopeGraph.cpp:35:
/usr/include/x86_64-linux-gnu/qt6/QtGui/qevent.h:218:16: note: declared here
  218 |     inline int x() const { return qRound(position().x()); }
      |                ^
/home/kruzzzzy/Documents/AI_KOS_PROJECT/projects/lmms-fl-research/zene-gates/plugins/Oscilloscope/OscilloscopeGraph.cpp: In member function ‘virtual void lmms::gui::OscilloscopeGraph::mouseMoveEvent(QMouseEvent*)’:
/home/kruzzzzy/Documents/AI_KOS_PROJECT/projects/lmms-fl-research/zene-gates/plugins/Oscilloscope/OscilloscopeGraph.cpp:171:98: warning: ‘int QMouseEvent::x() const’ is deprecated: Use position() [-Wdeprecated-declarations]
  171 |         float newPhase = m_controls->m_phaseModel.value() + static_cast<float>(m_mousePos - me->x()) / width() * (m_controls->m_lengthModel.value() / m_controls->m_lengthModel.maxValue());
      |                                                                                             ~~~~~^~
/usr/include/x86_64-linux-gnu/qt6/QtGui/qevent.h:218:16: note: declared here
  218 |     inline int x() const { return qRound(position().x()); }
      |                ^
/home/kruzzzzy/Documents/AI_KOS_PROJECT/projects/lmms-fl-research/zene-gates/plugins/Oscilloscope/OscilloscopeGraph.cpp:173:27: warning: ‘int QMouseEvent::x() const’ is deprecated: Use position() [-Wdeprecated-declarations]
  173 |         m_mousePos = me->x();
      |                      ~~~~~^~
/usr/include/x86_64-linux-gnu/qt6/QtGui/qevent.h:218:16: note: declared here
  218 |     inline int x() const { return qRound(position().x()); }
      |                ^
[ 73%] Building CXX object plugins/Sfxr/CMakeFiles/sfxr.dir/moc_Sfxr.cpp.o
[ 73%] Building CXX object plugins/Oscilloscope/CMakeFiles/oscilloscope.dir/moc_OscilloscopeControls.cpp.o
[ 73%] Building CXX object plugins/PeakControllerEffect/CMakeFiles/peakcontrollereffect.dir/PeakControllerEffectControlDialog.cpp.o
[ 73%] Building CXX object plugins/RnnoiseDenoiser/CMakeFiles/rnnoisedenoiser.dir/RnnoiseDenoiserControlDialog.cpp.o
[ 74%] Building CXX object plugins/ReverbSC/CMakeFiles/reverbsc.dir/ReverbSCControlDialog.cpp.o
[ 74%] Building CXX object plugins/Sfxr/CMakeFiles/sfxr.dir/qrc_sfxr.cpp.o
[ 74%] Linking CXX shared module ../libsfxr.so
[ 74%] Built target sfxr
[ 74%] Generating sid.qrc
[ 74%] Generating moc_SidInstrument.cpp
[ 74%] Building CXX object plugins/Oscilloscope/CMakeFiles/oscilloscope.dir/moc_OscilloscopeControlDialog.cpp.o
[ 74%] Generating qrc_sid.cpp
[ 74%] Building CXX object plugins/Sid/CMakeFiles/sid.dir/SidInstrument.cpp.o
[ 74%] Building CXX object plugins/PeakControllerEffect/CMakeFiles/peakcontrollereffect.dir/moc_PeakControllerEffectControls.cpp.o
[ 74%] Building C object plugins/RnnoiseDenoiser/CMakeFiles/rnnoisedenoiser.dir/rnnoise/denoise.c.o
In file included from /home/kruzzzzy/Documents/AI_KOS_PROJECT/projects/lmms-fl-research/zene-gates/plugins/RnnoiseDenoiser/rnnoise/denoise.h:29,
                 from /home/kruzzzzy/Documents/AI_KOS_PROJECT/projects/lmms-fl-research/zene-gates/plugins/RnnoiseDenoiser/rnnoise/denoise.c:38:
/home/kruzzzzy/Documents/AI_KOS_PROJECT/projects/lmms-fl-research/zene-gates/plugins/RnnoiseDenoiser/rnnoise/nnet.h:163:2: warning: #warning "Only SSE and SSE2 are available. On newer machines, enable SSSE3/AVX/AVX2 using -march= to get better performance" [-Wcpp]
  163 | #warning "Only SSE and SSE2 are available. On newer machines, enable SSSE3/AVX/AVX2 using -march= to get better performance"
      |  ^~~~~~~
[ 74%] Building C object plugins/RnnoiseDenoiser/CMakeFiles/rnnoisedenoiser.dir/rnnoise/rnn.c.o
In file included from /home/kruzzzzy/Documents/AI_KOS_PROJECT/projects/lmms-fl-research/zene-gates/plugins/RnnoiseDenoiser/rnnoise/rnnoise_data.h:5,
                 from /home/kruzzzzy/Documents/AI_KOS_PROJECT/projects/lmms-fl-research/zene-gates/plugins/RnnoiseDenoiser/rnnoise/rnn.h:31,
                 from /home/kruzzzzy/Documents/AI_KOS_PROJECT/projects/lmms-fl-research/zene-gates/plugins/RnnoiseDenoiser/rnnoise/rnn.c:36:
/home/kruzzzzy/Documents/AI_KOS_PROJECT/projects/lmms-fl-research/zene-gates/plugins/RnnoiseDenoiser/rnnoise/nnet.h:163:2: warning: #warning "Only SSE and SSE2 are available. On newer machines, enable SSSE3/AVX/AVX2 using -march= to get better performance" [-Wcpp]
  163 | #warning "Only SSE and SSE2 are available. On newer machines, enable SSSE3/AVX/AVX2 using -march= to get better performance"
      |  ^~~~~~~
[ 74%] Building C object plugins/RnnoiseDenoiser/CMakeFiles/rnnoisedenoiser.dir/rnnoise/pitch.c.o
[ 74%] Building C object plugins/ReverbSC/CMakeFiles/reverbsc.dir/base.c.o
In file included from /home/kruzzzzy/Documents/AI_KOS_PROJECT/projects/lmms-fl-research/zene-gates/plugins/RnnoiseDenoiser/rnnoise/denoise.h:29,
                 from /home/kruzzzzy/Documents/AI_KOS_PROJECT/projects/lmms-fl-research/zene-gates/plugins/RnnoiseDenoiser/rnnoise/pitch.c:40:
/home/kruzzzzy/Documents/AI_KOS_PROJECT/projects/lmms-fl-research/zene-gates/plugins/RnnoiseDenoiser/rnnoise/nnet.h:163:2: warning: #warning "Only SSE and SSE2 are available. On newer machines, enable SSSE3/AVX/AVX2 using -march= to get better performance" [-Wcpp]
  163 | #warning "Only SSE and SSE2 are available. On newer machines, enable SSSE3/AVX/AVX2 using -march= to get better performance"
      |  ^~~~~~~
[ 74%] Building C object plugins/ReverbSC/CMakeFiles/reverbsc.dir/revsc.c.o
[ 74%] Building C object plugins/RnnoiseDenoiser/CMakeFiles/rnnoisedenoiser.dir/rnnoise/kiss_fft.c.o
[ 74%] Building C object plugins/ReverbSC/CMakeFiles/reverbsc.dir/dcblock.c.o
[ 74%] Building C object plugins/RnnoiseDenoiser/CMakeFiles/rnnoisedenoiser.dir/rnnoise/celt_lpc.c.o
[ 74%] Building CXX object plugins/ReverbSC/CMakeFiles/reverbsc.dir/moc_ReverbSCControls.cpp.o
In file included from /home/kruzzzzy/Documents/AI_KOS_PROJECT/projects/lmms-fl-research/zene-gates/plugins/RnnoiseDenoiser/rnnoise/denoise.h:29,
                 from /home/kruzzzzy/Documents/AI_KOS_PROJECT/projects/lmms-fl-research/zene-gates/plugins/RnnoiseDenoiser/rnnoise/celt_lpc.c:36:
/home/kruzzzzy/Documents/AI_KOS_PROJECT/projects/lmms-fl-research/zene-gates/plugins/RnnoiseDenoiser/rnnoise/nnet.h:163:2: warning: #warning "Only SSE and SSE2 are available. On newer machines, enable SSSE3/AVX/AVX2 using -march= to get better performance" [-Wcpp]
  163 | #warning "Only SSE and SSE2 are available. On newer machines, enable SSSE3/AVX/AVX2 using -march= to get better performance"
      |  ^~~~~~~
[ 74%] Building C object plugins/RnnoiseDenoiser/CMakeFiles/rnnoisedenoiser.dir/rnnoise/nnet.c.o
In file included from /home/kruzzzzy/Documents/AI_KOS_PROJECT/projects/lmms-fl-research/zene-gates/plugins/RnnoiseDenoiser/rnnoise/nnet.c:37:
/home/kruzzzzy/Documents/AI_KOS_PROJECT/projects/lmms-fl-research/zene-gates/plugins/RnnoiseDenoiser/rnnoise/nnet.h:163:2: warning: #warning "Only SSE and SSE2 are available. On newer machines, enable SSSE3/AVX/AVX2 using -march= to get better performance" [-Wcpp]
  163 | #warning "Only SSE and SSE2 are available. On newer machines, enable SSSE3/AVX/AVX2 using -march= to get better performance"
      |  ^~~~~~~
[ 74%] Building C object plugins/RnnoiseDenoiser/CMakeFiles/rnnoisedenoiser.dir/rnnoise/nnet_default.c.o
In file included from /home/kruzzzzy/Documents/AI_KOS_PROJECT/projects/lmms-fl-research/zene-gates/plugins/RnnoiseDenoiser/rnnoise/nnet_arch.h:31,
                 from /home/kruzzzzy/Documents/AI_KOS_PROJECT/projects/lmms-fl-research/zene-gates/plugins/RnnoiseDenoiser/rnnoise/nnet_default.c:35:
/home/kruzzzzy/Documents/AI_KOS_PROJECT/projects/lmms-fl-research/zene-gates/plugins/RnnoiseDenoiser/rnnoise/nnet.h:163:2: warning: #warning "Only SSE and SSE2 are available. On newer machines, enable SSSE3/AVX/AVX2 using -march= to get better performance" [-Wcpp]
  163 | #warning "Only SSE and SSE2 are available. On newer machines, enable SSSE3/AVX/AVX2 using -march= to get better performance"
      |  ^~~~~~~
[ 74%] Building CXX object plugins/Oscilloscope/CMakeFiles/oscilloscope.dir/moc_OscilloscopeGraph.cpp.o
[ 74%] Building C object plugins/RnnoiseDenoiser/CMakeFiles/rnnoisedenoiser.dir/rnnoise/parse_lpcnet_weights.c.o
In file included from /home/kruzzzzy/Documents/AI_KOS_PROJECT/projects/lmms-fl-research/zene-gates/plugins/RnnoiseDenoiser/rnnoise/parse_lpcnet_weights.c:33:
/home/kruzzzzy/Documents/AI_KOS_PROJECT/projects/lmms-fl-research/zene-gates/plugins/RnnoiseDenoiser/rnnoise/nnet.h:163:2: warning: #warning "Only SSE and SSE2 are available. On newer machines, enable SSSE3/AVX/AVX2 using -march= to get better performance" [-Wcpp]
  163 | #warning "Only SSE and SSE2 are available. On newer machines, enable SSSE3/AVX/AVX2 using -march= to get better performance"
      |  ^~~~~~~
[ 74%] Building C object plugins/RnnoiseDenoiser/CMakeFiles/rnnoisedenoiser.dir/rnnoise/rnnoise_data.c.o
In file included from /home/kruzzzzy/Documents/AI_KOS_PROJECT/projects/lmms-fl-research/zene-gates/plugins/RnnoiseDenoiser/rnnoise/rnnoise_data.h:5,
                 from /home/kruzzzzy/Documents/AI_KOS_PROJECT/projects/lmms-fl-research/zene-gates/plugins/RnnoiseDenoiser/rnnoise/rnnoise_data.c:6:
/home/kruzzzzy/Documents/AI_KOS_PROJECT/projects/lmms-fl-research/zene-gates/plugins/RnnoiseDenoiser/rnnoise/nnet.h:163:2: warning: #warning "Only SSE and SSE2 are available. On newer machines, enable SSSE3/AVX/AVX2 using -march= to get better performance" [-Wcpp]
  163 | #warning "Only SSE and SSE2 are available. On newer machines, enable SSSE3/AVX/AVX2 using -march= to get better performance"
      |  ^~~~~~~
[ 74%] Building CXX object plugins/PeakControllerEffect/CMakeFiles/peakcontrollereffect.dir/moc_PeakControllerEffectControlDialog.cpp.o
[ 74%] Building CXX object plugins/Sid/CMakeFiles/sid.dir/moc_SidInstrument.cpp.o
[ 74%] Building CXX object plugins/ReverbSC/CMakeFiles/reverbsc.dir/moc_ReverbSCControlDialog.cpp.o
[ 74%] Building CXX object plugins/NeuralAmp/CMakeFiles/neuralamp.dir/moc_NeuralAmpEffect.cpp.o
[ 74%] Linking CXX shared module ../liboscilloscope.so
[ 74%] Built target oscilloscope
[ 74%] Generating slewdistortion.qrc
[ 74%] Generating moc_SlewDistortion.cpp
[ 74%] Generating moc_SlewDistortionControlDialog.cpp
[ 74%] Building CXX object plugins/PeakControllerEffect/CMakeFiles/peakcontrollereffect.dir/qrc_peakcontrollereffect.cpp.o
[ 74%] Linking CXX shared module ../libpeakcontrollereffect.so
[ 74%] Generating moc_SlewDistortionControls.cpp
[ 74%] Generating qrc_slewdistortion.cpp
[ 74%] Building CXX object plugins/SlewDistortion/CMakeFiles/slewdistortion.dir/SlewDistortion.cpp.o
[ 74%] Built target peakcontrollereffect
[ 74%] Generating slicert.qrc
[ 74%] Generating moc_SlicerT.cpp
[ 74%] Generating moc_SlicerTView.cpp
[ 74%] Building CXX object plugins/ReverbSC/CMakeFiles/reverbsc.dir/qrc_reverbsc.cpp.o
[ 74%] Linking CXX shared module ../libreverbsc.so
[ 74%] Generating moc_SlicerTWaveform.cpp
[ 74%] Building CXX object plugins/Sid/CMakeFiles/sid.dir/qrc_sid.cpp.o
[ 74%] Generating qrc_slicert.cpp
[ 74%] Building CXX object plugins/SlicerT/CMakeFiles/slicert.dir/SlicerT.cpp.o
[ 74%] Linking CXX shared module ../libsid.so
[ 74%] Built target reverbsc
[ 74%] Generating analyzer.qrc
[ 74%] Generating moc_DataprocLauncher.cpp
/home/kruzzzzy/Documents/AI_KOS_PROJECT/projects/lmms-fl-research/zene-gates/plugins/SpectrumAnalyzer/DataprocLauncher.h:0:1: note: No relevant classes found. No output generated.
[ 75%] Generating moc_SaControls.cpp
[ 75%] Building CXX object plugins/NeuralAmp/CMakeFiles/neuralamp.dir/moc_NeuralAmpControls.cpp.o
[ 75%] Generating moc_SaControlsDialog.cpp
[ 75%] Built target sid
[ 75%] Generating moc_StereoEnhancerControls.cpp
[ 75%] Generating moc_SaProcessor.cpp
/home/kruzzzzy/Documents/AI_KOS_PROJECT/projects/lmms-fl-research/zene-gates/plugins/SpectrumAnalyzer/SaProcessor.h:0:1: note: No relevant classes found. No output generated.
[ 75%] Generating moc_SaSpectrumView.cpp
[ 75%] Generating moc_StereoEnhancerControlDialog.cpp
[ 75%] Generating moc_SaWaterfallView.cpp
[ 75%] Building CXX object plugins/StereoEnhancer/CMakeFiles/stereoenhancer.dir/StereoEnhancer.cpp.o
[ 75%] Generating qrc_analyzer.cpp
[ 75%] Building CXX object plugins/SpectrumAnalyzer/CMakeFiles/analyzer.dir/Analyzer.cpp.o
[ 75%] Building CXX object plugins/SlewDistortion/CMakeFiles/slewdistortion.dir/SlewDistortionControls.cpp.o
[ 75%] Building CXX object plugins/NeuralAmp/CMakeFiles/neuralamp.dir/moc_NeuralAmpControlDialog.cpp.o
[ 75%] Building CXX object plugins/SlicerT/CMakeFiles/slicert.dir/SlicerTView.cpp.o
[ 75%] Building CXX object plugins/StereoEnhancer/CMakeFiles/stereoenhancer.dir/StereoEnhancerControls.cpp.o
[ 75%] Building CXX object plugins/SpectrumAnalyzer/CMakeFiles/analyzer.dir/SaProcessor.cpp.o
[ 75%] Linking CXX shared module ../libneuralamp.so
[ 75%] Built target neuralamp
[ 75%] Generating stereomatrix.qrc
[ 75%] Generating moc_StereoMatrixControlDialog.cpp
[ 76%] Generating moc_StereoMatrixControls.cpp
[ 77%] Building CXX object plugins/SlewDistortion/CMakeFiles/slewdistortion.dir/SlewDistortionControlDialog.cpp.o
[ 77%] Generating qrc_stereomatrix.cpp
[ 77%] Building CXX object plugins/StereoMatrix/CMakeFiles/stereomatrix.dir/StereoMatrix.cpp.o
[ 77%] Building CXX object plugins/SlicerT/CMakeFiles/slicert.dir/SlicerTWaveform.cpp.o
[ 77%] Building CXX object plugins/StereoEnhancer/CMakeFiles/stereoenhancer.dir/StereoEnhancerControlDialog.cpp.o
[ 77%] Building CXX object plugins/SpectrumAnalyzer/CMakeFiles/analyzer.dir/SaControls.cpp.o
[ 77%] Building CXX object plugins/StereoMatrix/CMakeFiles/stereomatrix.dir/StereoMatrixControls.cpp.o
[ 77%] Building CXX object plugins/SlewDistortion/CMakeFiles/slewdistortion.dir/moc_SlewDistortion.cpp.o
[ 77%] Building CXX object plugins/StereoEnhancer/CMakeFiles/stereoenhancer.dir/moc_StereoEnhancerControls.cpp.o
[ 77%] Building CXX object plugins/SpectrumAnalyzer/CMakeFiles/analyzer.dir/SaControlsDialog.cpp.o
[ 77%] Building CXX object plugins/SlicerT/CMakeFiles/slicert.dir/moc_SlicerT.cpp.o
[ 77%] Building C object plugins/RnnoiseDenoiser/CMakeFiles/rnnoisedenoiser.dir/rnnoise/rnnoise_tables.c.o
[ 77%] Building CXX object plugins/RnnoiseDenoiser/CMakeFiles/rnnoisedenoiser.dir/moc_RnnoiseDenoiserEffect.cpp.o
[ 77%] Building CXX object plugins/StereoMatrix/CMakeFiles/stereomatrix.dir/StereoMatrixControlDialog.cpp.o
[ 77%] Building CXX object plugins/StereoEnhancer/CMakeFiles/stereoenhancer.dir/moc_StereoEnhancerControlDialog.cpp.o
[ 77%] Building CXX object plugins/SlewDistortion/CMakeFiles/slewdistortion.dir/moc_SlewDistortionControls.cpp.o
[ 77%] Building CXX object plugins/SpectrumAnalyzer/CMakeFiles/analyzer.dir/SaSpectrumView.cpp.o
[ 77%] Building CXX object plugins/SlicerT/CMakeFiles/slicert.dir/moc_SlicerTView.cpp.o
[ 77%] Building CXX object plugins/RnnoiseDenoiser/CMakeFiles/rnnoisedenoiser.dir/moc_RnnoiseDenoiserControls.cpp.o
[ 77%] Linking CXX shared module ../libstereoenhancer.so
[ 77%] Built target stereoenhancer
[ 77%] Generating taptempo.qrc
[ 77%] Generating moc_TapTempo.cpp
[ 77%] Generating moc_TapTempoView.cpp
[ 77%] Building CXX object plugins/StereoMatrix/CMakeFiles/stereomatrix.dir/moc_StereoMatrixControls.cpp.o
[ 77%] Generating qrc_taptempo.cpp
[ 77%] Building CXX object plugins/TapTempo/CMakeFiles/taptempo.dir/TapTempo.cpp.o
[ 77%] Building CXX object plugins/SlicerT/CMakeFiles/slicert.dir/moc_SlicerTWaveform.cpp.o
[ 77%] Building CXX object plugins/SlewDistortion/CMakeFiles/slewdistortion.dir/moc_SlewDistortionControlDialog.cpp.o
[ 77%] Building CXX object plugins/SpectrumAnalyzer/CMakeFiles/analyzer.dir/SaWaterfallView.cpp.o
[ 77%] Building CXX object plugins/RnnoiseDenoiser/CMakeFiles/rnnoisedenoiser.dir/moc_RnnoiseDenoiserControlDialog.cpp.o
[ 77%] Building CXX object plugins/StereoMatrix/CMakeFiles/stereomatrix.dir/moc_StereoMatrixControlDialog.cpp.o
[ 77%] Building CXX object plugins/SlewDistortion/CMakeFiles/slewdistortion.dir/qrc_slewdistortion.cpp.o
[ 77%] Building CXX object plugins/TapTempo/CMakeFiles/taptempo.dir/TapTempoView.cpp.o
[ 77%] Building CXX object plugins/SlicerT/CMakeFiles/slicert.dir/qrc_slicert.cpp.o
[ 77%] Linking CXX shared module ../libslewdistortion.so
[ 77%] Linking CXX shared module ../libslicert.so
[ 77%] Built target slewdistortion
[ 77%] Generating __/moc_VstPlugin.cpp
[ 77%] Built target slicert
[ 77%] Building CXX object plugins/SpectrumAnalyzer/CMakeFiles/analyzer.dir/moc_SaProcessor.cpp.o
[ 77%] Building CXX object plugins/SpectrumAnalyzer/CMakeFiles/analyzer.dir/moc_SaControls.cpp.o
[ 77%] Building CXX object plugins/VstBase/vstbase/CMakeFiles/vstbase.dir/__/vst_base.cpp.o
[ 77%] Building CXX object plugins/RnnoiseDenoiser/CMakeFiles/rnnoisedenoiser.dir/qrc_rnnoisedenoiser.cpp.o
[ 77%] Linking CXX shared module ../librnnoisedenoiser.so
[ 77%] Built target rnnoisedenoiser
[ 77%] Generating watsyn.qrc
[ 77%] Generating moc_Watsyn.cpp
[ 78%] Generating qrc_watsyn.cpp
[ 78%] Building CXX object plugins/Watsyn/CMakeFiles/watsyn.dir/Watsyn.cpp.o
[ 78%] Building CXX object plugins/SpectrumAnalyzer/CMakeFiles/analyzer.dir/moc_SaControlsDialog.cpp.o
[ 78%] Building CXX object plugins/StereoMatrix/CMakeFiles/stereomatrix.dir/qrc_stereomatrix.cpp.o
[ 78%] Linking CXX shared module ../libstereomatrix.so
[ 78%] Built target stereomatrix
[ 78%] Generating waveshaper.qrc
[ 78%] Generating moc_WaveShaperControlDialog.cpp
[ 78%] Generating moc_WaveShaperControls.cpp
[ 78%] Building CXX object plugins/TapTempo/CMakeFiles/taptempo.dir/moc_TapTempo.cpp.o
[ 78%] Generating qrc_waveshaper.cpp
[ 78%] Building CXX object plugins/WaveShaper/CMakeFiles/waveshaper.dir/WaveShaper.cpp.o
[ 79%] Building CXX object plugins/VstBase/vstbase/CMakeFiles/vstbase.dir/__/VstPlugin.cpp.o
[ 79%] Building CXX object plugins/SpectrumAnalyzer/CMakeFiles/analyzer.dir/moc_SaSpectrumView.cpp.o
[ 79%] Building CXX object plugins/SpectrumAnalyzer/CMakeFiles/analyzer.dir/moc_SaWaterfallView.cpp.o
[ 79%] Building CXX object plugins/TapTempo/CMakeFiles/taptempo.dir/moc_TapTempoView.cpp.o
[ 79%] Building CXX object plugins/Watsyn/CMakeFiles/watsyn.dir/moc_Watsyn.cpp.o
[ 79%] Building CXX object plugins/SpectrumAnalyzer/CMakeFiles/analyzer.dir/moc_DataprocLauncher.cpp.o
[ 79%] Building CXX object plugins/SpectrumAnalyzer/CMakeFiles/analyzer.dir/qrc_analyzer.cpp.o
[ 79%] Generating moc_VectorView.cpp
[ 79%] Generating moc_VecControls.cpp
[ 79%] Building CXX object plugins/WaveShaper/CMakeFiles/waveshaper.dir/WaveShaperControls.cpp.o
[ 79%] Generating moc_VecControlsDialog.cpp
[ 80%] Linking CXX shared module ../libanalyzer.so
[ 80%] Building CXX object plugins/Vectorscope/CMakeFiles/vectorscope.dir/Vectorscope.cpp.o
[ 80%] Building CXX object plugins/VstBase/vstbase/CMakeFiles/vstbase.dir/__/moc_VstPlugin.cpp.o
[ 80%] Built target analyzer
[ 80%] Generating vibedstrings.qrc
[ 80%] Generating moc_NineButtonSelector.cpp
[ 80%] Generating moc_Vibed.cpp
[ 80%] Building CXX object plugins/TapTempo/CMakeFiles/taptempo.dir/qrc_taptempo.cpp.o
[ 80%] Generating qrc_vibedstrings.cpp
[ 80%] Linking CXX shared module ../libtaptempo.so
[ 80%] Building CXX object plugins/Vibed/CMakeFiles/vibedstrings.dir/Vibed.cpp.o
[ 80%] Built target taptempo
[ 80%] Generating xpressive.qrc
[ 80%] Generating moc_Xpressive.cpp
[ 80%] Generating qrc_xpressive.cpp
[ 80%] Building CXX object plugins/Xpressive/CMakeFiles/xpressive.dir/Xpressive.cpp.o
[ 80%] Building CXX object plugins/Watsyn/CMakeFiles/watsyn.dir/qrc_watsyn.cpp.o
[ 80%] Linking CXX shared module ../libwatsyn.so
[ 80%] Built target watsyn
[ 80%] Automatic MOC for target partc_ref_amplifier
[ 80%] Built target partc_ref_amplifier_autogen
[ 80%] Automatic MOC for target partc_ref_bassbooster
[ 80%] Linking CXX shared library ../../libvstbase.so
[ 80%] Building CXX object plugins/WaveShaper/CMakeFiles/waveshaper.dir/WaveShaperControlDialog.cpp.o
[ 80%] Built target partc_ref_bassbooster_autogen
[ 80%] Automatic MOC for target partc_ref_bitcrush
[ 80%] Building CXX object plugins/Vectorscope/CMakeFiles/vectorscope.dir/VecControls.cpp.o
[ 80%] Built target vstbase
[ 80%] Automatic MOC for target partc_ref_dualfilter
[ 80%] Built target partc_ref_bitcrush_autogen
[ 80%] Automatic MOC for target partc_ref_waveshaper
[ 80%] Built target partc_ref_dualfilter_autogen
[ 80%] Automatic MOC for target partc_ref_flanger
[ 80%] Built target partc_ref_waveshaper_autogen
[ 80%] Building CXX object plugins/Xpressive/CMakeFiles/xpressive.dir/ExprSynth.cpp.o
[ 80%] Built target partc_ref_flanger_autogen
[ 80%] Automatic MOC for target partc_ref_delay
[ 80%] Building CXX object plugins/Vibed/CMakeFiles/vibedstrings.dir/NineButtonSelector.cpp.o
[ 80%] Built target partc_ref_delay_autogen
[ 80%] Automatic MOC for target partc_ref_compressor
[ 80%] Built target partc_ref_compressor_autogen
[ 80%] Building CXX object plugins/Vectorscope/CMakeFiles/vectorscope.dir/VecControlsDialog.cpp.o
[ 80%] Building CXX object plugins/Xpressive/CMakeFiles/xpressive.dir/moc_Xpressive.cpp.o
[ 80%] Building CXX object plugins/WaveShaper/CMakeFiles/waveshaper.dir/moc_WaveShaperControls.cpp.o
[ 80%] Building CXX object plugins/Vectorscope/CMakeFiles/vectorscope.dir/VectorView.cpp.o
[ 80%] Building CXX object plugins/Vibed/CMakeFiles/vibedstrings.dir/VibratingString.cpp.o
[ 80%] Building CXX object plugins/Xpressive/CMakeFiles/xpressive.dir/qrc_xpressive.cpp.o
[ 80%] Building CXX object plugins/Vectorscope/CMakeFiles/vectorscope.dir/moc_VecControls.cpp.o
[ 80%] Building CXX object plugins/Vibed/CMakeFiles/vibedstrings.dir/moc_Vibed.cpp.o
[ 81%] Building CXX object plugins/WaveShaper/CMakeFiles/waveshaper.dir/moc_WaveShaperControlDialog.cpp.o
[ 81%] Building CXX object plugins/Vectorscope/CMakeFiles/vectorscope.dir/moc_VecControlsDialog.cpp.o
[ 81%] Building CXX object plugins/Vibed/CMakeFiles/vibedstrings.dir/moc_NineButtonSelector.cpp.o
[ 81%] Building CXX object plugins/Vectorscope/CMakeFiles/vectorscope.dir/moc_VectorView.cpp.o
[ 81%] Building CXX object plugins/Vibed/CMakeFiles/vibedstrings.dir/qrc_vibedstrings.cpp.o
[ 81%] Building CXX object plugins/WaveShaper/CMakeFiles/waveshaper.dir/qrc_waveshaper.cpp.o
[ 81%] Automatic MOC for target partc_ref_crossovereq
[ 81%] Linking CXX shared module ../libwaveshaper.so
[ 81%] Built target partc_ref_crossovereq_autogen
[ 81%] Automatic MOC for target partc_ref_dynamicsprocessor
[ 81%] Automatic MOC for target partc_ref_lomm
[ 81%] Built target waveshaper
[ 81%] Automatic MOC for target partc_ref_multitapecho
[ 81%] Built target partc_ref_dynamicsprocessor_autogen
[ 81%] Linking CXX shared module ../libvibedstrings.so
[ 81%] Automatic MOC for target partc_ref_reverbsc
[ 81%] Built target partc_ref_lomm_autogen
[ 81%] Built target partc_ref_multitapecho_autogen
[ 81%] Automatic MOC for target partc_ref_stereoenhancer
[ 81%] Automatic MOC for target partc_ref_stereomatrix
[ 81%] Built target partc_ref_reverbsc_autogen
[ 81%] Automatic MOC for target partc_ref_dispersion
[ 81%] Built target vibedstrings
[ 81%] Automatic MOC for target partc_ref_vectorscope
[ 81%] Built target partc_ref_stereoenhancer_autogen
[ 81%] Built target partc_ref_stereomatrix_autogen
[ 81%] Automatic MOC for target partc_ref_analyzer
[ 81%] Automatic MOC for target partc_ref_granularpitchshifter
[ 81%] Built target partc_ref_dispersion_autogen
[ 81%] Automatic MOC for target partc_ref_eq
[ 81%] Built target partc_ref_vectorscope_autogen
[ 81%] Automatic MOC for target partc_ref_freeboy
[ 81%] Built target partc_ref_analyzer_autogen
[ 81%] Built target partc_ref_granularpitchshifter_autogen
[ 81%] Automatic MOC for target partc_ref_nes
[ 81%] Automatic MOC for target partc_ref_sid
[ 81%] Built target partc_ref_freeboy_autogen
[ 81%] Built target partc_ref_eq_autogen
[ 81%] Automatic MOC for target partc_ref_opulenz
[ 81%] Automatic MOC for target partc_ref_sfxr
[ 81%] Linking CXX shared module ../libvectorscope.so
[ 81%] Built target partc_ref_sid_autogen
[ 81%] Built target partc_ref_nes_autogen
[ 81%] Automatic MOC for target partc_ref_bitinvader
[ 81%] Automatic MOC for target partc_ref_watsyn
[ 81%] Built target partc_ref_opulenz_autogen
[ 81%] Built target partc_ref_sfxr_autogen
[ 81%] Automatic MOC for target partc_ref_xpressive
[ 81%] Automatic MOC for target partc_ref_vibedstrings
[ 81%] Built target vectorscope
[ 81%] Built target partc_ref_bitinvader_autogen
[ 81%] Automatic MOC for target partc_ref_kicker
[ 81%] Automatic MOC for target partc_ref_tripleoscillator
[ 81%] Built target partc_ref_watsyn_autogen
[ 81%] Built target partc_ref_xpressive_autogen
[ 82%] Automatic MOC for target partc_ref_monstro
[ 82%] Built target partc_ref_vibedstrings_autogen
[ 82%] Automatic MOC for target partc_ref_organic
[ 82%] Automatic MOC for target partc_ref_audiofileprocessor
[ 82%] Built target partc_ref_kicker_autogen
[ 82%] Automatic MOC for target partc_ref_lb302
[ 82%] Built target partc_ref_tripleoscillator_autogen
[ 82%] Built target partc_ref_organic_autogen
[ 82%] Automatic MOC for target partc_ref_frequencyshifter
[ 82%] Automatic MOC for target partc_ref_ladspaeffect
[ 82%] Built target partc_ref_monstro_autogen
[ 82%] Built target partc_ref_audiofileprocessor_autogen
[ 82%] Automatic MOC for target partc_ref_oscilloscope
[ 82%] Automatic MOC for target partc_ref_slewdistortion
[ 82%] Built target partc_ref_lb302_autogen
[ 82%] Automatic MOC for target partc_ref_lv2effect
[ 82%] Built target partc_ref_oscilloscope_autogen
[ 82%] Built target partc_ref_ladspaeffect_autogen
[ 82%] Built target partc_ref_frequencyshifter_autogen
[ 82%] Automatic MOC for target partc_ref_lv2instrument
[ 82%] Automatic MOC and UIC for target partc_ref_sf2player
[ 82%] Built target partc_ref_slewdistortion_autogen
[ 82%] Automatic MOC and UIC for target partc_ref_gigplayer
[ 82%] Generating carlapatchbay.qrc
[ 82%] Generating qrc_carlapatchbay.cpp
[ 82%] Building CXX object plugins/CarlaPatchbay/CMakeFiles/carlapatchbay.dir/CarlaPatchbay.cpp.o
[ 82%] Built target partc_ref_lv2effect_autogen
[ 82%] Generating carlarack.qrc
[ 82%] Built target partc_ref_lv2instrument_autogen
[ 82%] Generating qrc_carlarack.cpp
[ 82%] Automatic UIC for target gigplayer
[ 82%] Building CXX object plugins/CarlaRack/CMakeFiles/carlarack.dir/CarlaRack.cpp.o
[ 82%] Built target partc_ref_sf2player_autogen
[ 82%] Built target partc_ref_gigplayer_autogen
[ 82%] Built target gigplayer_autogen
[ 82%] Generating vestige.qrc
[ 82%] Automatic UIC for target sf2player
[ 82%] Generating vsteffect.qrc
[ 82%] Generating moc_Vestige.cpp
[ 82%] Generating moc_VstEffectControlDialog.cpp
[ 82%] Built target sf2player_autogen
[ 82%] Building CXX object plugins/CarlaPatchbay/CMakeFiles/carlapatchbay.dir/qrc_carlapatchbay.cpp.o
[ 82%] Generating moc_VstEffectControls.cpp
[ 82%] Generating qrc_vestige.cpp
[ 82%] Generating qrc_vsteffect.cpp
[ 82%] Building CXX object plugins/CarlaRack/CMakeFiles/carlarack.dir/qrc_carlarack.cpp.o
[ 82%] Building CXX object plugins/Vestige/CMakeFiles/vestige.dir/Vestige.cpp.o
[ 83%] Building CXX object plugins/Vestige/CMakeFiles/vestige.dir/moc_Vestige.cpp.o
[ 83%] Building CXX object plugins/VstEffect/CMakeFiles/vsteffect.dir/VstEffect.cpp.o
[ 83%] Building CXX object plugins/Vestige/CMakeFiles/vestige.dir/qrc_vestige.cpp.o
[ 83%] Building CXX object plugins/VstEffect/CMakeFiles/vsteffect.dir/VstEffectControls.cpp.o
[ 83%] Linking CXX shared module ../libcarlapatchbay.so
[ 83%] Built target carlapatchbay
[ 83%] Building CXX object tests/CMakeFiles/partc_ref_amplifier.dir/partc_ref_amplifier_autogen/mocs_compilation.cpp.o
[ 83%] Linking CXX shared module ../libcarlarack.so
[ 83%] Built target carlarack
[ 83%] Building CXX object tests/CMakeFiles/partc_ref_bassbooster.dir/partc_ref_bassbooster_autogen/mocs_compilation.cpp.o
[ 83%] Building CXX object plugins/VstEffect/CMakeFiles/vsteffect.dir/VstEffectControlDialog.cpp.o
[ 83%] Linking CXX shared module ../libvestige.so
[ 83%] Built target vestige
[ 83%] Building CXX object tests/CMakeFiles/partc_ref_bitcrush.dir/partc_ref_bitcrush_autogen/mocs_compilation.cpp.o
[ 83%] Building CXX object tests/CMakeFiles/partc_ref_amplifier.dir/reference/Amplifier/Amplifier.cpp.o
[ 83%] Building CXX object tests/CMakeFiles/partc_ref_amplifier.dir/reference/Amplifier/AmplifierControls.cpp.o
[ 83%] Building CXX object tests/CMakeFiles/partc_ref_bassbooster.dir/reference/BassBooster/BassBooster.cpp.o
[ 83%] Building CXX object plugins/VstEffect/CMakeFiles/vsteffect.dir/VstSubPluginFeatures.cpp.o
[ 83%] Building CXX object tests/CMakeFiles/partc_ref_bitcrush.dir/reference/Bitcrush/Bitcrush.cpp.o
[ 83%] Building CXX object tests/CMakeFiles/partc_ref_amplifier.dir/reference/Amplifier/AmplifierControlDialog.cpp.o
[ 83%] Building CXX object plugins/VstEffect/CMakeFiles/vsteffect.dir/moc_VstEffectControlDialog.cpp.o
[ 84%] Building CXX object tests/CMakeFiles/partc_ref_bassbooster.dir/reference/BassBooster/BassBoosterControls.cpp.o
[ 84%] Building CXX object plugins/VstEffect/CMakeFiles/vsteffect.dir/moc_VstEffectControls.cpp.o
[ 84%] Building CXX object tests/CMakeFiles/partc_ref_bitcrush.dir/reference/Bitcrush/BitcrushControls.cpp.o
[ 84%] Building CXX object plugins/VstEffect/CMakeFiles/vsteffect.dir/qrc_vsteffect.cpp.o
[ 84%] Building CXX object tests/CMakeFiles/partc_ref_bitcrush.dir/reference/Bitcrush/BitcrushControlDialog.cpp.o
[ 84%] Linking CXX shared module partc_ref_amplifier.so
[ 84%] Building CXX object tests/CMakeFiles/partc_ref_bassbooster.dir/reference/BassBooster/BassBoosterControlDialog.cpp.o
[ 84%] Built target partc_ref_amplifier
[ 84%] Building CXX object tests/CMakeFiles/partc_ref_dualfilter.dir/partc_ref_dualfilter_autogen/mocs_compilation.cpp.o
[ 84%] Linking CXX shared module ../libvsteffect.so
[ 84%] Built target vsteffect
[ 84%] Building CXX object tests/CMakeFiles/partc_ref_waveshaper.dir/partc_ref_waveshaper_autogen/mocs_compilation.cpp.o
[ 84%] Building CXX object tests/CMakeFiles/partc_ref_waveshaper.dir/reference/WaveShaper/WaveShaper.cpp.o
[ 84%] Linking CXX shared module partc_ref_bitcrush.so
[ 84%] Built target partc_ref_bitcrush
[ 84%] Building CXX object tests/CMakeFiles/partc_ref_flanger.dir/partc_ref_flanger_autogen/mocs_compilation.cpp.o
[ 84%] Linking CXX shared module partc_ref_bassbooster.so
[ 84%] Building CXX object tests/CMakeFiles/partc_ref_dualfilter.dir/reference/DualFilter/DualFilter.cpp.o
[ 84%] Built target partc_ref_bassbooster
[ 84%] Building CXX object tests/CMakeFiles/partc_ref_delay.dir/partc_ref_delay_autogen/mocs_compilation.cpp.o
[ 84%] Building CXX object tests/CMakeFiles/partc_ref_delay.dir/reference/Delay/DelayEffect.cpp.o
[ 84%] Building CXX object tests/CMakeFiles/partc_ref_waveshaper.dir/reference/WaveShaper/WaveShaperControls.cpp.o
[ 84%] Building CXX object tests/CMakeFiles/partc_ref_flanger.dir/reference/Flanger/FlangerEffect.cpp.o
[ 84%] Building CXX object tests/CMakeFiles/partc_ref_dualfilter.dir/reference/DualFilter/DualFilterControls.cpp.o
[ 84%] Building CXX object tests/CMakeFiles/partc_ref_delay.dir/reference/Delay/DelayControls.cpp.o
[ 84%] Building CXX object tests/CMakeFiles/partc_ref_delay.dir/reference/Delay/DelayControlsDialog.cpp.o
[ 84%] Building CXX object tests/CMakeFiles/partc_ref_waveshaper.dir/reference/WaveShaper/WaveShaperControlDialog.cpp.o
[ 84%] Linking CXX shared module ../libxpressive.so
[ 84%] Building CXX object tests/CMakeFiles/partc_ref_flanger.dir/reference/Flanger/FlangerControls.cpp.o
[ 84%] Building CXX object tests/CMakeFiles/partc_ref_delay.dir/reference/Delay/Lfo.cpp.o
[ 84%] Building CXX object tests/CMakeFiles/partc_ref_dualfilter.dir/reference/DualFilter/DualFilterControlDialog.cpp.o
[ 84%] Building CXX object tests/CMakeFiles/partc_ref_delay.dir/reference/Delay/StereoDelay.cpp.o
[ 85%] Building CXX object tests/CMakeFiles/partc_ref_flanger.dir/reference/Flanger/FlangerControlsDialog.cpp.o
[ 86%] Linking CXX shared module partc_ref_delay.so
[ 86%] Built target xpressive
[ 86%] Building CXX object tests/CMakeFiles/partc_ref_compressor.dir/partc_ref_compressor_autogen/mocs_compilation.cpp.o
[ 86%] Linking CXX shared module partc_ref_waveshaper.so
[ 86%] Built target partc_ref_delay
[ 86%] Building CXX object tests/CMakeFiles/partc_ref_crossovereq.dir/partc_ref_crossovereq_autogen/mocs_compilation.cpp.o
[ 86%] Built target partc_ref_waveshaper
[ 86%] Building CXX object tests/CMakeFiles/partc_ref_dynamicsprocessor.dir/partc_ref_dynamicsprocessor_autogen/mocs_compilation.cpp.o
[ 86%] Building CXX object tests/CMakeFiles/partc_ref_flanger.dir/reference/Flanger/MonoDelay.cpp.o
[ 87%] Building CXX object tests/CMakeFiles/partc_ref_dynamicsprocessor.dir/reference/DynamicsProcessor/DynamicsProcessor.cpp.o
[ 87%] Linking CXX shared module partc_ref_dualfilter.so
[ 87%] Linking CXX shared module partc_ref_flanger.so
[ 87%] Built target partc_ref_dualfilter
[ 87%] Building CXX object tests/CMakeFiles/partc_ref_lomm.dir/partc_ref_lomm_autogen/mocs_compilation.cpp.o
[ 87%] Building CXX object tests/CMakeFiles/partc_ref_compressor.dir/reference/Compressor/Compressor.cpp.o
[ 87%] Building CXX object tests/CMakeFiles/partc_ref_crossovereq.dir/reference/CrossoverEQ/CrossoverEQ.cpp.o
[ 87%] Built target partc_ref_flanger
[ 87%] Building CXX object tests/CMakeFiles/partc_ref_multitapecho.dir/partc_ref_multitapecho_autogen/mocs_compilation.cpp.o
[ 87%] Building CXX object tests/CMakeFiles/partc_ref_dynamicsprocessor.dir/reference/DynamicsProcessor/DynamicsProcessorControls.cpp.o
[ 87%] Building CXX object tests/CMakeFiles/partc_ref_dynamicsprocessor.dir/reference/DynamicsProcessor/DynamicsProcessorControlDialog.cpp.o
[ 87%] Building CXX object tests/CMakeFiles/partc_ref_lomm.dir/reference/LOMM/LOMM.cpp.o
[ 87%] Building CXX object tests/CMakeFiles/partc_ref_multitapecho.dir/reference/MultitapEcho/MultitapEcho.cpp.o
[ 87%] Building CXX object tests/CMakeFiles/partc_ref_crossovereq.dir/reference/CrossoverEQ/CrossoverEQControls.cpp.o
[ 88%] Building CXX object tests/CMakeFiles/partc_ref_compressor.dir/reference/Compressor/CompressorControls.cpp.o
[ 88%] Building CXX object tests/CMakeFiles/partc_ref_compressor.dir/reference/Compressor/CompressorControlDialog.cpp.o
[ 88%] Linking CXX shared module partc_ref_dynamicsprocessor.so
[ 88%] Built target partc_ref_dynamicsprocessor
[ 88%] Building CXX object tests/CMakeFiles/partc_ref_reverbsc.dir/partc_ref_reverbsc_autogen/mocs_compilation.cpp.o
[ 88%] Building CXX object tests/CMakeFiles/partc_ref_crossovereq.dir/reference/CrossoverEQ/CrossoverEQControlDialog.cpp.o
[ 88%] Building CXX object tests/CMakeFiles/partc_ref_lomm.dir/reference/LOMM/LOMMControls.cpp.o
[ 88%] Building CXX object tests/CMakeFiles/partc_ref_multitapecho.dir/reference/MultitapEcho/MultitapEchoControls.cpp.o
[ 88%] Building CXX object tests/CMakeFiles/partc_ref_lomm.dir/reference/LOMM/LOMMControlDialog.cpp.o
[ 88%] Linking CXX shared module partc_ref_compressor.so
[ 88%] Built target partc_ref_compressor
[ 88%] Building CXX object tests/CMakeFiles/partc_ref_stereoenhancer.dir/partc_ref_stereoenhancer_autogen/mocs_compilation.cpp.o
[ 88%] Building CXX object tests/CMakeFiles/partc_ref_reverbsc.dir/reference/ReverbSC/ReverbSC.cpp.o
[ 88%] Linking CXX shared module partc_ref_crossovereq.so
[ 88%] Building CXX object tests/CMakeFiles/partc_ref_reverbsc.dir/reference/ReverbSC/ReverbSCControls.cpp.o
[ 88%] Building CXX object tests/CMakeFiles/partc_ref_multitapecho.dir/reference/MultitapEcho/MultitapEchoControlDialog.cpp.o
[ 89%] Linking CXX shared module partc_ref_lomm.so
[ 89%] Built target partc_ref_crossovereq
[ 89%] Building CXX object tests/CMakeFiles/partc_ref_stereomatrix.dir/partc_ref_stereomatrix_autogen/mocs_compilation.cpp.o
[ 89%] Built target partc_ref_lomm
[ 89%] Building CXX object tests/CMakeFiles/partc_ref_dispersion.dir/partc_ref_dispersion_autogen/mocs_compilation.cpp.o
[ 89%] Building CXX object tests/CMakeFiles/partc_ref_stereoenhancer.dir/reference/StereoEnhancer/StereoEnhancer.cpp.o
[ 89%] Building CXX object tests/CMakeFiles/partc_ref_reverbsc.dir/reference/ReverbSC/ReverbSCControlDialog.cpp.o
[ 89%] Building C object tests/CMakeFiles/partc_ref_reverbsc.dir/reference/ReverbSC/base.c.o
[ 90%] Building C object tests/CMakeFiles/partc_ref_reverbsc.dir/reference/ReverbSC/revsc.c.o
[ 90%] Building C object tests/CMakeFiles/partc_ref_reverbsc.dir/reference/ReverbSC/dcblock.c.o
[ 90%] Linking CXX shared module partc_ref_multitapecho.so
[ 90%] Building CXX object tests/CMakeFiles/partc_ref_stereoenhancer.dir/reference/StereoEnhancer/StereoEnhancerControls.cpp.o
[ 91%] Building CXX object tests/CMakeFiles/partc_ref_stereomatrix.dir/reference/StereoMatrix/StereoMatrix.cpp.o
[ 91%] Built target partc_ref_multitapecho
[ 91%] Building CXX object tests/CMakeFiles/partc_ref_vectorscope.dir/partc_ref_vectorscope_autogen/mocs_compilation.cpp.o
[ 91%] Building CXX object tests/CMakeFiles/partc_ref_dispersion.dir/reference/Dispersion/Dispersion.cpp.o
[ 91%] Building CXX object tests/CMakeFiles/partc_ref_stereoenhancer.dir/reference/StereoEnhancer/StereoEnhancerControlDialog.cpp.o
[ 91%] Linking CXX shared module partc_ref_reverbsc.so
[ 91%] Built target partc_ref_reverbsc
[ 91%] Building CXX object tests/CMakeFiles/partc_ref_analyzer.dir/partc_ref_analyzer_autogen/mocs_compilation.cpp.o
[ 91%] Building CXX object tests/CMakeFiles/partc_ref_granularpitchshifter.dir/partc_ref_granularpitchshifter_autogen/mocs_compilation.cpp.o
[ 91%] Building CXX object tests/CMakeFiles/partc_ref_stereomatrix.dir/reference/StereoMatrix/StereoMatrixControls.cpp.o
[ 91%] Building CXX object tests/CMakeFiles/partc_ref_vectorscope.dir/reference/Vectorscope/Vectorscope.cpp.o
[ 91%] Building CXX object tests/CMakeFiles/partc_ref_dispersion.dir/reference/Dispersion/DispersionControls.cpp.o
[ 91%] Linking CXX shared module partc_ref_stereoenhancer.so
[ 91%] Built target partc_ref_stereoenhancer
[ 91%] Building CXX object tests/CMakeFiles/partc_ref_eq.dir/partc_ref_eq_autogen/mocs_compilation.cpp.o
[ 92%] Building CXX object tests/CMakeFiles/partc_ref_analyzer.dir/reference/SpectrumAnalyzer/Analyzer.cpp.o
[ 92%] Building CXX object tests/CMakeFiles/partc_ref_granularpitchshifter.dir/reference/GranularPitchShifter/GranularPitchShifterEffect.cpp.o
[ 92%] Building CXX object tests/CMakeFiles/partc_ref_stereomatrix.dir/reference/StereoMatrix/StereoMatrixControlDialog.cpp.o
[ 92%] Building CXX object tests/CMakeFiles/partc_ref_vectorscope.dir/reference/Vectorscope/VecControls.cpp.o
[ 92%] Building CXX object tests/CMakeFiles/partc_ref_dispersion.dir/reference/Dispersion/DispersionControlDialog.cpp.o
[ 92%] Building CXX object tests/CMakeFiles/partc_ref_eq.dir/reference/Eq/EqEffect.cpp.o
[ 92%] Building CXX object tests/CMakeFiles/partc_ref_analyzer.dir/reference/SpectrumAnalyzer/SaControls.cpp.o
[ 92%] Linking CXX shared module partc_ref_stereomatrix.so
[ 92%] Building CXX object tests/CMakeFiles/partc_ref_vectorscope.dir/reference/Vectorscope/VecControlsDialog.cpp.o
[ 92%] Building CXX object tests/CMakeFiles/partc_ref_granularpitchshifter.dir/reference/GranularPitchShifter/GranularPitchShifterControls.cpp.o
[ 92%] Linking CXX shared module partc_ref_dispersion.so
[ 92%] Built target partc_ref_stereomatrix
[ 92%] Building CXX object tests/CMakeFiles/partc_ref_freeboy.dir/partc_ref_freeboy_autogen/mocs_compilation.cpp.o
[ 92%] Built target partc_ref_dispersion
[ 92%] Building CXX object tests/CMakeFiles/partc_ref_nes.dir/partc_ref_nes_autogen/mocs_compilation.cpp.o
[ 92%] Building CXX object tests/CMakeFiles/partc_ref_eq.dir/reference/Eq/EqControls.cpp.o
[ 92%] Building CXX object tests/CMakeFiles/partc_ref_analyzer.dir/reference/SpectrumAnalyzer/SaControlsDialog.cpp.o
[ 92%] Building CXX object tests/CMakeFiles/partc_ref_freeboy.dir/reference/FreeBoy/FreeBoy.cpp.o
[ 92%] Building CXX object tests/CMakeFiles/partc_ref_vectorscope.dir/reference/Vectorscope/VectorView.cpp.o
[ 92%] Building CXX object tests/CMakeFiles/partc_ref_nes.dir/reference/Nes/Nes.cpp.o
[ 92%] Building CXX object tests/CMakeFiles/partc_ref_granularpitchshifter.dir/reference/GranularPitchShifter/GranularPitchShifterControlDialog.cpp.o
[ 92%] Building CXX object tests/CMakeFiles/partc_ref_eq.dir/reference/Eq/EqControlsDialog.cpp.o
[ 92%] Building CXX object tests/CMakeFiles/partc_ref_analyzer.dir/reference/SpectrumAnalyzer/SaProcessor.cpp.o
[ 92%] Linking CXX shared module partc_ref_vectorscope.so
[ 92%] Building CXX object tests/CMakeFiles/partc_ref_freeboy.dir/reference/FreeBoy/GbApuWrapper.cpp.o
[ 92%] Linking CXX shared module partc_ref_freeboy.so
[ 92%] Linking CXX shared module partc_ref_granularpitchshifter.so
[ 92%] Linking CXX shared module partc_ref_nes.so
[ 92%] Built target partc_ref_vectorscope
[ 92%] Building CXX object tests/CMakeFiles/partc_ref_sid.dir/partc_ref_sid_autogen/mocs_compilation.cpp.o
[ 92%] Built target partc_ref_freeboy
[ 92%] Building CXX object tests/CMakeFiles/partc_ref_opulenz.dir/partc_ref_opulenz_autogen/mocs_compilation.cpp.o
[ 92%] Built target partc_ref_granularpitchshifter
[ 92%] Building CXX object tests/CMakeFiles/partc_ref_sfxr.dir/partc_ref_sfxr_autogen/mocs_compilation.cpp.o
[ 92%] Built target partc_ref_nes
[ 92%] Building CXX object tests/CMakeFiles/partc_ref_bitinvader.dir/partc_ref_bitinvader_autogen/mocs_compilation.cpp.o
[ 92%] Building CXX object tests/CMakeFiles/partc_ref_eq.dir/reference/Eq/EqCurve.cpp.o
[ 92%] Building CXX object tests/CMakeFiles/partc_ref_analyzer.dir/reference/SpectrumAnalyzer/SaSpectrumView.cpp.o
[ 92%] Building CXX object tests/CMakeFiles/partc_ref_sid.dir/reference/Sid/SidInstrument.cpp.o
[ 92%] Building CXX object tests/CMakeFiles/partc_ref_opulenz.dir/reference/OpulenZ/OpulenZ.cpp.o
[ 92%] Building CXX object tests/CMakeFiles/partc_ref_sfxr.dir/reference/Sfxr/Sfxr.cpp.o
[ 92%] Building CXX object tests/CMakeFiles/partc_ref_bitinvader.dir/reference/BitInvader/BitInvader.cpp.o
[ 92%] Building CXX object tests/CMakeFiles/partc_ref_eq.dir/reference/Eq/EqParameterWidget.cpp.o
[ 92%] Building CXX object tests/CMakeFiles/partc_ref_analyzer.dir/reference/SpectrumAnalyzer/SaWaterfallView.cpp.o
[ 93%] Linking CXX shared module partc_ref_sid.so
[ 93%] Linking CXX shared module partc_ref_opulenz.so
[ 93%] Linking CXX shared module partc_ref_sfxr.so
[ 93%] Linking CXX shared module partc_ref_bitinvader.so
[ 93%] Built target partc_ref_sid
[ 93%] Building CXX object tests/CMakeFiles/partc_ref_watsyn.dir/partc_ref_watsyn_autogen/mocs_compilation.cpp.o
[ 93%] Built target partc_ref_opulenz
[ 93%] Building CXX object tests/CMakeFiles/partc_ref_xpressive.dir/partc_ref_xpressive_autogen/mocs_compilation.cpp.o
[ 93%] Built target partc_ref_sfxr
[ 94%] Building CXX object tests/CMakeFiles/partc_ref_vibedstrings.dir/partc_ref_vibedstrings_autogen/mocs_compilation.cpp.o
[ 94%] Built target partc_ref_bitinvader
[ 94%] Building CXX object tests/CMakeFiles/partc_ref_kicker.dir/partc_ref_kicker_autogen/mocs_compilation.cpp.o
[ 94%] Building CXX object tests/CMakeFiles/partc_ref_eq.dir/reference/Eq/EqSpectrumView.cpp.o
[ 94%] Linking CXX shared module partc_ref_analyzer.so
[ 94%] Building CXX object tests/CMakeFiles/partc_ref_watsyn.dir/reference/Watsyn/Watsyn.cpp.o
[ 94%] Building CXX object tests/CMakeFiles/partc_ref_kicker.dir/reference/Kicker/Kicker.cpp.o
[ 94%] Building CXX object tests/CMakeFiles/partc_ref_xpressive.dir/reference/Xpressive/Xpressive.cpp.o
[ 94%] Building CXX object tests/CMakeFiles/partc_ref_vibedstrings.dir/reference/Vibed/Vibed.cpp.o
[ 94%] Built target partc_ref_analyzer
[ 94%] Building CXX object tests/CMakeFiles/partc_ref_tripleoscillator.dir/partc_ref_tripleoscillator_autogen/mocs_compilation.cpp.o
[ 94%] Linking CXX shared module partc_ref_eq.so
[ 94%] Built target partc_ref_eq
[ 94%] Building CXX object tests/CMakeFiles/partc_ref_monstro.dir/partc_ref_monstro_autogen/mocs_compilation.cpp.o
[ 94%] Building CXX object tests/CMakeFiles/partc_ref_tripleoscillator.dir/reference/TripleOscillator/TripleOscillator.cpp.o
[ 94%] Linking CXX shared module partc_ref_kicker.so
[ 94%] Linking CXX shared module partc_ref_watsyn.so
[ 94%] Built target partc_ref_kicker
[ 94%] Building CXX object tests/CMakeFiles/partc_ref_organic.dir/partc_ref_organic_autogen/mocs_compilation.cpp.o
[ 94%] Building CXX object tests/CMakeFiles/partc_ref_vibedstrings.dir/reference/Vibed/NineButtonSelector.cpp.o
[ 94%] Building CXX object tests/CMakeFiles/partc_ref_xpressive.dir/reference/Xpressive/ExprSynth.cpp.o
[ 94%] Built target partc_ref_watsyn
[ 94%] Building CXX object tests/CMakeFiles/partc_ref_audiofileprocessor.dir/partc_ref_audiofileprocessor_autogen/mocs_compilation.cpp.o
[ 94%] Building CXX object tests/CMakeFiles/partc_ref_monstro.dir/reference/Monstro/Monstro.cpp.o
[ 94%] Building CXX object tests/CMakeFiles/partc_ref_vibedstrings.dir/reference/Vibed/VibratingString.cpp.o
[ 94%] Building CXX object tests/CMakeFiles/partc_ref_organic.dir/reference/Organic/Organic.cpp.o
[ 94%] Linking CXX shared module partc_ref_tripleoscillator.so
[ 94%] Building CXX object tests/CMakeFiles/partc_ref_audiofileprocessor.dir/reference/AudioFileProcessor/AudioFileProcessor.cpp.o
[ 94%] Built target partc_ref_tripleoscillator
[ 94%] Building CXX object tests/CMakeFiles/partc_ref_lb302.dir/partc_ref_lb302_autogen/mocs_compilation.cpp.o
[ 94%] Linking CXX shared module partc_ref_vibedstrings.so
[ 94%] Linking CXX shared module partc_ref_monstro.so
[ 94%] Built target partc_ref_vibedstrings
[ 95%] Building CXX object tests/CMakeFiles/partc_ref_ladspaeffect.dir/partc_ref_ladspaeffect_autogen/mocs_compilation.cpp.o
[ 95%] Built target partc_ref_monstro
[ 95%] Building CXX object tests/CMakeFiles/partc_ref_ladspaeffect.dir/reference/LadspaEffect/LadspaEffect.cpp.o
[ 95%] Linking CXX shared module partc_ref_organic.so
[ 96%] Built target partc_ref_organic
[ 96%] Building CXX object tests/CMakeFiles/partc_ref_frequencyshifter.dir/partc_ref_frequencyshifter_autogen/mocs_compilation.cpp.o
[ 96%] Building CXX object tests/CMakeFiles/partc_ref_lb302.dir/reference/Lb302/Lb302.cpp.o
[ 96%] Building CXX object tests/CMakeFiles/partc_ref_audiofileprocessor.dir/reference/AudioFileProcessor/AudioFileProcessorView.cpp.o
[ 96%] Building CXX object tests/CMakeFiles/partc_ref_ladspaeffect.dir/reference/LadspaEffect/LadspaControls.cpp.o
[ 96%] Building CXX object tests/CMakeFiles/partc_ref_ladspaeffect.dir/reference/LadspaEffect/LadspaControlDialog.cpp.o
[ 96%] Building CXX object tests/CMakeFiles/partc_ref_frequencyshifter.dir/reference/FrequencyShifter/FrequencyShifterEffect.cpp.o
[ 96%] Building CXX object tests/CMakeFiles/partc_ref_audiofileprocessor.dir/reference/AudioFileProcessor/AudioFileProcessorWaveView.cpp.o
[ 96%] Linking CXX shared module partc_ref_lb302.so
[ 96%] Built target partc_ref_lb302
[ 96%] Building CXX object tests/CMakeFiles/partc_ref_oscilloscope.dir/partc_ref_oscilloscope_autogen/mocs_compilation.cpp.o
[ 96%] Building CXX object tests/CMakeFiles/partc_ref_ladspaeffect.dir/reference/LadspaEffect/LadspaMatrixControlDialog.cpp.o
[ 96%] Building CXX object tests/CMakeFiles/partc_ref_ladspaeffect.dir/reference/LadspaEffect/LadspaSubPluginFeatures.cpp.o
[ 96%] Building CXX object tests/CMakeFiles/partc_ref_frequencyshifter.dir/reference/FrequencyShifter/FrequencyShifterControls.cpp.o
[ 96%] Linking CXX shared module partc_ref_audiofileprocessor.so
[ 96%] Building CXX object tests/CMakeFiles/partc_ref_oscilloscope.dir/reference/Oscilloscope/Oscilloscope.cpp.o
[ 96%] Built target partc_ref_audiofileprocessor
[ 96%] Building CXX object tests/CMakeFiles/partc_ref_slewdistortion.dir/partc_ref_slewdistortion_autogen/mocs_compilation.cpp.o
[ 96%] Building CXX object tests/CMakeFiles/partc_ref_ladspaeffect.dir/reference/LadspaEffect/LadspaWidgetFactory.cpp.o
[ 96%] Building CXX object tests/CMakeFiles/partc_ref_slewdistortion.dir/reference/SlewDistortion/SlewDistortion.cpp.o
[ 96%] Building CXX object tests/CMakeFiles/partc_ref_frequencyshifter.dir/reference/FrequencyShifter/FrequencyShifterControlDialog.cpp.o
[ 96%] Building CXX object tests/CMakeFiles/partc_ref_oscilloscope.dir/reference/Oscilloscope/OscilloscopeControls.cpp.o
[ 96%] Linking CXX shared module partc_ref_ladspaeffect.so
[ 96%] Built target partc_ref_ladspaeffect
[ 96%] Building CXX object tests/CMakeFiles/partc_ref_lv2effect.dir/partc_ref_lv2effect_autogen/mocs_compilation.cpp.o
[ 96%] Building CXX object tests/CMakeFiles/partc_ref_slewdistortion.dir/reference/SlewDistortion/SlewDistortionControls.cpp.o
[ 96%] Building CXX object tests/CMakeFiles/partc_ref_slewdistortion.dir/reference/SlewDistortion/SlewDistortionControlDialog.cpp.o
[ 96%] Linking CXX shared module partc_ref_frequencyshifter.so
[ 96%] Built target partc_ref_frequencyshifter
[ 96%] Building CXX object tests/CMakeFiles/partc_ref_lv2instrument.dir/partc_ref_lv2instrument_autogen/mocs_compilation.cpp.o
[ 96%] Building CXX object tests/CMakeFiles/partc_ref_oscilloscope.dir/reference/Oscilloscope/OscilloscopeControlDialog.cpp.o
[ 96%] Building CXX object tests/CMakeFiles/partc_ref_lv2effect.dir/reference/Lv2Effect/Lv2Effect.cpp.o
[ 96%] Building CXX object tests/CMakeFiles/partc_ref_lv2effect.dir/reference/Lv2Effect/Lv2FxControls.cpp.o
[ 96%] Building CXX object tests/CMakeFiles/partc_ref_lv2instrument.dir/reference/Lv2Instrument/Lv2Instrument.cpp.o
[ 96%] Linking CXX shared module partc_ref_slewdistortion.so
[ 96%] Built target partc_ref_slewdistortion
[ 96%] Building CXX object tests/CMakeFiles/partc_ref_sf2player.dir/partc_ref_sf2player_autogen/mocs_compilation.cpp.o
[ 96%] Building CXX object tests/CMakeFiles/partc_ref_oscilloscope.dir/reference/Oscilloscope/OscilloscopeGraph.cpp.o
[ 96%] Building CXX object tests/CMakeFiles/partc_ref_lv2effect.dir/reference/Lv2Effect/Lv2FxControlDialog.cpp.o
[ 96%] Building CXX object tests/CMakeFiles/partc_ref_sf2player.dir/reference/Sf2Player/Sf2Player.cpp.o
[ 96%] Linking CXX shared module partc_ref_lv2instrument.so
/home/kruzzzzy/Documents/AI_KOS_PROJECT/projects/lmms-fl-research/zene-gates/tests/reference/Oscilloscope/OscilloscopeGraph.cpp: In member function ‘virtual void lmms::gui::OscilloscopeGraph::mousePressEvent(QMouseEvent*)’:
/home/kruzzzzy/Documents/AI_KOS_PROJECT/projects/lmms-fl-research/zene-gates/tests/reference/Oscilloscope/OscilloscopeGraph.cpp:167:78: warning: ‘int QMouseEvent::x() const’ is deprecated: Use position() [-Wdeprecated-declarations]
  167 | void OscilloscopeGraph::mousePressEvent(QMouseEvent* me) { m_mousePos = me->x(); }
      |                                                                         ~~~~~^~
In file included from /usr/include/x86_64-linux-gnu/qt6/QtGui/QWheelEvent:1,
                 from /home/kruzzzzy/Documents/AI_KOS_PROJECT/projects/lmms-fl-research/zene-gates/tests/reference/Oscilloscope/OscilloscopeGraph.cpp:35:
/usr/include/x86_64-linux-gnu/qt6/QtGui/qevent.h:218:16: note: declared here
  218 |     inline int x() const { return qRound(position().x()); }
      |                ^
/home/kruzzzzy/Documents/AI_KOS_PROJECT/projects/lmms-fl-research/zene-gates/tests/reference/Oscilloscope/OscilloscopeGraph.cpp: In member function ‘virtual void lmms::gui::OscilloscopeGraph::mouseMoveEvent(QMouseEvent*)’:
/home/kruzzzzy/Documents/AI_KOS_PROJECT/projects/lmms-fl-research/zene-gates/tests/reference/Oscilloscope/OscilloscopeGraph.cpp:171:98: warning: ‘int QMouseEvent::x() const’ is deprecated: Use position() [-Wdeprecated-declarations]
  171 |         float newPhase = m_controls->m_phaseModel.value() + static_cast<float>(m_mousePos - me->x()) / width() * (m_controls->m_lengthModel.value() / m_controls->m_lengthModel.maxValue());
      |                                                                                             ~~~~~^~
/usr/include/x86_64-linux-gnu/qt6/QtGui/qevent.h:218:16: note: declared here
  218 |     inline int x() const { return qRound(position().x()); }
      |                ^
/home/kruzzzzy/Documents/AI_KOS_PROJECT/projects/lmms-fl-research/zene-gates/tests/reference/Oscilloscope/OscilloscopeGraph.cpp:173:27: warning: ‘int QMouseEvent::x() const’ is deprecated: Use position() [-Wdeprecated-declarations]
  173 |         m_mousePos = me->x();
      |                      ~~~~~^~
/usr/include/x86_64-linux-gnu/qt6/QtGui/qevent.h:218:16: note: declared here
  218 |     inline int x() const { return qRound(position().x()); }
      |                ^
[ 96%] Built target partc_ref_lv2instrument
[ 97%] Building CXX object tests/CMakeFiles/partc_ref_gigplayer.dir/partc_ref_gigplayer_autogen/mocs_compilation.cpp.o
[ 97%] Building CXX object tests/CMakeFiles/partc_ref_sf2player.dir/reference/Sf2Player/PatchesDialog.cpp.o
[ 97%] Linking CXX shared module partc_ref_oscilloscope.so
[ 97%] Built target partc_ref_oscilloscope
[ 97%] Generating gigplayer.qrc
[ 97%] Generating moc_GigPlayer.cpp
[ 97%] Linking CXX shared module partc_ref_lv2effect.so
[ 97%] Generating moc_PatchesDialog.cpp
[ 97%] Generating qrc_gigplayer.cpp
[ 97%] Building CXX object plugins/GigPlayer/CMakeFiles/gigplayer.dir/GigPlayer.cpp.o
[ 97%] Built target partc_ref_lv2effect
[ 97%] Generating moc_PatchesDialog.cpp
[ 97%] Generating moc_Sf2Player.cpp
[ 97%] Generating sf2player.qrc
[ 97%] Generating qrc_sf2player.cpp
[ 97%] Building CXX object plugins/Sf2Player/CMakeFiles/sf2player.dir/Sf2Player.cpp.o
[ 97%] Building CXX object tests/CMakeFiles/partc_ref_gigplayer.dir/reference/GigPlayer/GigPlayer.cpp.o
[ 97%] Linking CXX shared module partc_ref_sf2player.so
[ 97%] Building CXX object tests/CMakeFiles/partc_ref_gigplayer.dir/reference/GigPlayer/PatchesDialog.cpp.o
[ 97%] Built target partc_ref_sf2player
[ 97%] Building CXX object plugins/Sf2Player/CMakeFiles/sf2player.dir/PatchesDialog.cpp.o
[ 97%] Linking CXX shared module partc_ref_xpressive.so
[ 97%] Building CXX object plugins/GigPlayer/CMakeFiles/gigplayer.dir/PatchesDialog.cpp.o
[ 97%] Building CXX object plugins/Sf2Player/CMakeFiles/sf2player.dir/moc_Sf2Player.cpp.o
[ 97%] Building CXX object plugins/GigPlayer/CMakeFiles/gigplayer.dir/moc_GigPlayer.cpp.o
[ 97%] Linking CXX shared module partc_ref_gigplayer.so
[ 97%] Building CXX object plugins/Sf2Player/CMakeFiles/sf2player.dir/moc_PatchesDialog.cpp.o
[ 98%] Built target partc_ref_xpressive
[ 98%] Building CXX object plugins/GigPlayer/CMakeFiles/gigplayer.dir/moc_PatchesDialog.cpp.o
[ 98%] Built target partc_ref_gigplayer
[ 98%] Built target PluginPortsMigrationReference_autogen_timestamp_deps
[ 98%] Automatic MOC for target PluginPortsMigrationReference
[ 98%] Built target PluginPortsMigrationReference_autogen
[ 98%] Building CXX object plugins/Sf2Player/CMakeFiles/sf2player.dir/qrc_sf2player.cpp.o
[ 98%] Building CXX object tests/CMakeFiles/PluginPortsMigrationReference.dir/PluginPortsMigrationReference_autogen/mocs_compilation.cpp.o
[ 98%] Building CXX object tests/CMakeFiles/PluginPortsMigrationReference.dir/src/plugins/PluginPortsMigrationReference.cpp.o
[ 98%] Building CXX object plugins/GigPlayer/CMakeFiles/gigplayer.dir/qrc_gigplayer.cpp.o
[ 98%] Linking CXX shared module ../libsf2player.so
[ 98%] Built target sf2player
[ 98%] Linking CXX shared module ../libgigplayer.so
[ 98%] Built target gigplayer
[ 98%] Linking CXX executable PluginPortsMigrationReference
[100%] Built target PluginPortsMigrationReference
[100%] Built target PluginPortsMigrationTest_autogen_timestamp_deps
[100%] Automatic MOC for target PluginPortsMigrationTest
[100%] Built target PluginPortsMigrationTest_autogen
[100%] Building CXX object tests/CMakeFiles/PluginPortsMigrationTest.dir/PluginPortsMigrationTest_autogen/mocs_compilation.cpp.o
[100%] Building CXX object tests/CMakeFiles/PluginPortsMigrationTest.dir/src/plugins/PluginPortsMigrationTest.cpp.o
[100%] Linking CXX executable PluginPortsMigrationTest
[100%] Built target PluginPortsMigrationTest
BUILD_EXIT=0
