[  0%] Built target carla_native-plugin
[  0%] Built target weakjack
[  0%] Built target ringbuffer
[  1%] Built target lua
[  1%] Built target tap_chorusflanger
[  2%] Built target tap_autopan
[  2%] Built target tap_deesser
[  3%] Built target caps
[  3%] Built target tap_doubler
[  3%] Built target tap_dynamics_m
[  3%] Built target tap_dynamics_st
[  3%] Built target tap_echo
[  3%] Built target tap_eq
[  3%] Built target tap_eqbw
[  3%] Built target tap_limiter
[  3%] Built target tap_pinknoise
[  4%] Built target tap_reflector
[  4%] Built target tap_pitch
[  4%] Built target tap_reverb
[  4%] Built target tap_rotspeak
[  4%] Built target tap_tremolo
[  4%] Built target tap_sigmoid
[  4%] Built target tap_tubewarmth
[  4%] Built target tap_vibrato
[  4%] Building C object plugins/LadspaEffect/swh/CMakeFiles/alias_1407.dir/ladspa/alias_1407.c.o
[  4%] Building C object plugins/LadspaEffect/swh/CMakeFiles/allpass_1895.dir/ladspa/allpass_1895.c.o
[  4%] Linking C shared module ../../ladspa/alias_1407.so
[  4%] Building C object plugins/LadspaEffect/swh/CMakeFiles/am_pitchshift_1433.dir/ladspa/am_pitchshift_1433.c.o
[  5%] Linking C shared module ../../ladspa/allpass_1895.so
[  5%] Building C object plugins/LadspaEffect/swh/CMakeFiles/amp_1181.dir/ladspa/amp_1181.c.o
[  5%] Linking C shared module ../../ladspa/am_pitchshift_1433.so
[  5%] Linking C shared module ../../ladspa/amp_1181.so
[  5%] Built target allpass_1895
[  5%] Built target alias_1407
[  5%] Building C object plugins/LadspaEffect/swh/CMakeFiles/blo.dir/ladspa/util/blo.c.o
[  5%] Built target am_pitchshift_1433
[  5%] Building C object plugins/LadspaEffect/swh/CMakeFiles/iir.dir/ladspa/util/iir.c.o
[  5%] Built target amp_1181
[  5%] Linking C static library libblo.a
[  5%] Linking C static library libiir.a
[  5%] Building C object plugins/LadspaEffect/swh/CMakeFiles/bode_shifter_1431.dir/ladspa/bode_shifter_1431.c.o
[  5%] Building C object plugins/LadspaEffect/swh/CMakeFiles/bode_shifter_cv_1432.dir/ladspa/bode_shifter_cv_1432.c.o
[  5%] Linking C shared module ../../ladspa/bode_shifter_1431.so
[  5%] Linking C shared module ../../ladspa/bode_shifter_cv_1432.so
[  5%] Built target iir
[  5%] Built target blo
[  5%] Building C object plugins/LadspaEffect/swh/CMakeFiles/comb_1190.dir/ladspa/comb_1190.c.o
[  5%] Building C object plugins/LadspaEffect/swh/CMakeFiles/chebstortion_1430.dir/ladspa/chebstortion_1430.c.o
[  5%] Built target bode_shifter_1431
[  5%] Linking C shared module ../../ladspa/comb_1190.so
[  5%] Linking C shared module ../../ladspa/chebstortion_1430.so
[  6%] Built target bode_shifter_cv_1432
[  6%] Building C object plugins/LadspaEffect/swh/CMakeFiles/comb_1887.dir/ladspa/comb_1887.c.o
[  6%] Building C object plugins/LadspaEffect/swh/CMakeFiles/comb_splitter_1411.dir/ladspa/comb_splitter_1411.c.o
[  6%] Linking C shared module ../../ladspa/comb_1887.so
[  6%] Built target comb_1190
[  6%] Linking C shared module ../../ladspa/comb_splitter_1411.so
[  6%] Built target chebstortion_1430
[  6%] Building C object plugins/LadspaEffect/swh/CMakeFiles/const_1909.dir/ladspa/const_1909.c.o
[  6%] Building C object plugins/LadspaEffect/swh/CMakeFiles/crossover_dist_1404.dir/ladspa/crossover_dist_1404.c.o
[  6%] Linking C shared module ../../ladspa/crossover_dist_1404.so
[  6%] Linking C shared module ../../ladspa/const_1909.so
[  6%] Built target comb_1887
[  6%] Built target comb_splitter_1411
[  6%] Building C object plugins/LadspaEffect/swh/CMakeFiles/dc_remove_1207.dir/ladspa/dc_remove_1207.c.o
[  6%] Building C object plugins/LadspaEffect/swh/CMakeFiles/debug_1184.dir/ladspa/debug_1184.c.o
[  6%] Linking C shared module ../../ladspa/dc_remove_1207.so
[  6%] Linking C shared module ../../ladspa/debug_1184.so
[  6%] Built target const_1909
[  6%] Built target crossover_dist_1404
[  6%] Building C object plugins/LadspaEffect/swh/CMakeFiles/decay_1886.dir/ladspa/decay_1886.c.o
[  6%] Building C object plugins/LadspaEffect/swh/CMakeFiles/decimator_1202.dir/ladspa/decimator_1202.c.o
[  6%] Linking C shared module ../../ladspa/decimator_1202.so
[  6%] Linking C shared module ../../ladspa/decay_1886.so
[  6%] Built target dc_remove_1207
[  6%] Built target debug_1184
[  6%] Building C object plugins/LadspaEffect/swh/CMakeFiles/declip_1195.dir/ladspa/declip_1195.c.o
[  6%] Building C object plugins/LadspaEffect/swh/CMakeFiles/delay_1898.dir/ladspa/delay_1898.c.o
[  6%] Linking C shared module ../../ladspa/declip_1195.so
[  6%] Linking C shared module ../../ladspa/delay_1898.so
[  6%] Built target decimator_1202
[  6%] Built target decay_1886
[  6%] Building C object plugins/LadspaEffect/swh/CMakeFiles/delayorama_1402.dir/ladspa/delayorama_1402.c.o
[  6%] Building C object plugins/LadspaEffect/swh/CMakeFiles/diode_1185.dir/ladspa/diode_1185.c.o
[  6%] Built target delay_1898
[  6%] Built target declip_1195
[  6%] Linking C shared module ../../ladspa/diode_1185.so
[  6%] Linking C shared module ../../ladspa/delayorama_1402.so
[  6%] Building C object plugins/LadspaEffect/swh/CMakeFiles/divider_1186.dir/ladspa/divider_1186.c.o
[  6%] Building C object plugins/LadspaEffect/swh/CMakeFiles/dj_eq_1901.dir/ladspa/dj_eq_1901.c.o
[  6%] Linking C shared module ../../ladspa/divider_1186.so
[  6%] Linking C shared module ../../ladspa/dj_eq_1901.so
[  6%] Built target diode_1185
[  6%] Built target delayorama_1402
[  6%] Building C object plugins/LadspaEffect/swh/CMakeFiles/dj_flanger_1438.dir/ladspa/dj_flanger_1438.c.o
[  6%] Building C object plugins/LadspaEffect/swh/CMakeFiles/dyson_compress_1403.dir/ladspa/dyson_compress_1403.c.o
[  6%] Built target divider_1186
[  6%] Built target dj_eq_1901
[  6%] Linking C shared module ../../ladspa/dj_flanger_1438.so
[  6%] Linking C shared module ../../ladspa/dyson_compress_1403.so
[  6%] Building C object plugins/LadspaEffect/swh/CMakeFiles/fad_delay_1192.dir/ladspa/fad_delay_1192.c.o
[  6%] Building C object plugins/LadspaEffect/swh/CMakeFiles/fast_lookahead_limiter_1913.dir/ladspa/fast_lookahead_limiter_1913.c.o
[  6%] Linking C shared module ../../ladspa/fad_delay_1192.so
[  6%] Linking C shared module ../../ladspa/fast_lookahead_limiter_1913.so
[  6%] Built target dj_flanger_1438
[  6%] Built target dyson_compress_1403
[  6%] Building C object plugins/LadspaEffect/swh/CMakeFiles/flanger_1191.dir/ladspa/flanger_1191.c.o
[  6%] Built target fad_delay_1192
[  6%] Building C object plugins/LadspaEffect/swh/CMakeFiles/fm_osc_1415.dir/ladspa/fm_osc_1415.c.o
[  6%] Linking C shared module ../../ladspa/flanger_1191.so
[  6%] Built target fast_lookahead_limiter_1913
[  6%] Linking C shared module ../../ladspa/fm_osc_1415.so
[  6%] Building C object plugins/LadspaEffect/swh/CMakeFiles/foldover_1213.dir/ladspa/foldover_1213.c.o
[  6%] Building C object plugins/LadspaEffect/swh/CMakeFiles/foverdrive_1196.dir/ladspa/foverdrive_1196.c.o
[  6%] Linking C shared module ../../ladspa/foldover_1213.so
[  6%] Built target flanger_1191
[  6%] Linking C shared module ../../ladspa/foverdrive_1196.so
[  6%] Built target fm_osc_1415
[  6%] Building C object plugins/LadspaEffect/swh/CMakeFiles/freq_tracker_1418.dir/ladspa/freq_tracker_1418.c.o
[  6%] Built target foldover_1213
[  6%] Building C object plugins/LadspaEffect/swh/CMakeFiles/gate_1410.dir/ladspa/gate_1410.c.o
[  6%] Linking C shared module ../../ladspa/freq_tracker_1418.so
[  6%] Built target foverdrive_1196
[  7%] Linking C shared module ../../ladspa/gate_1410.so
[  7%] Building C object plugins/LadspaEffect/swh/CMakeFiles/gate_1921.dir/ladspa/gate_1921.c.o
[  7%] Building C object plugins/LadspaEffect/swh/CMakeFiles/giant_flange_1437.dir/ladspa/giant_flange_1437.c.o
[  7%] Linking C shared module ../../ladspa/gate_1921.so
[  7%] Linking C shared module ../../ladspa/giant_flange_1437.so
[  7%] Built target freq_tracker_1418
[  7%] Built target gate_1410
[  7%] Building C object plugins/LadspaEffect/swh/CMakeFiles/gong_1424.dir/ladspa/gong_1424.c.o
[  7%] Linking C shared module ../../ladspa/gong_1424.so
[  7%] Building C object plugins/LadspaEffect/swh/CMakeFiles/gong_beater_1439.dir/ladspa/gong_beater_1439.c.o
[  7%] Built target gate_1921
[  7%] Built target giant_flange_1437
[  7%] Linking C shared module ../../ladspa/gong_beater_1439.so
[  8%] Built target gsm
[  8%] Building C object plugins/LadspaEffect/swh/CMakeFiles/gverb.dir/ladspa/gverb/gverb.c.o
[  8%] Building C object plugins/LadspaEffect/swh/CMakeFiles/gverb.dir/ladspa/gverb/gverbdsp.c.o
[  8%] Built target gong_1424
[  8%] Linking C static library libgverb.a
[  8%] Building C object plugins/LadspaEffect/swh/CMakeFiles/hard_limiter_1413.dir/ladspa/hard_limiter_1413.c.o
[  8%] Building C object plugins/LadspaEffect/swh/CMakeFiles/harmonic_gen_1220.dir/ladspa/harmonic_gen_1220.c.o
[  8%] Linking C shared module ../../ladspa/hard_limiter_1413.so
[  8%] Built target gong_beater_1439
[  8%] Linking C shared module ../../ladspa/harmonic_gen_1220.so
[  8%] Building C object plugins/LadspaEffect/swh/CMakeFiles/hermes_filter_1200.dir/ladspa/hermes_filter_1200.c.o
[  8%] Built target gverb
[  8%] Linking C shared module ../../ladspa/hermes_filter_1200.so
[  8%] Built target hard_limiter_1413
[  8%] Building C object plugins/LadspaEffect/swh/CMakeFiles/highpass_iir_1890.dir/ladspa/highpass_iir_1890.c.o
[  8%] Built target harmonic_gen_1220
[  8%] Linking C shared module ../../ladspa/highpass_iir_1890.so
[  8%] Building C object plugins/LadspaEffect/swh/CMakeFiles/hilbert_1440.dir/ladspa/hilbert_1440.c.o
[  8%] Building C object plugins/LadspaEffect/swh/CMakeFiles/imp_1199.dir/ladspa/imp_1199.c.o
[  8%] Linking C shared module ../../ladspa/hilbert_1440.so
[  9%] Built target hermes_filter_1200
[  9%] Linking C shared module ../../ladspa/imp_1199.so
[  9%] Built target highpass_iir_1890
[  9%] Building C object plugins/LadspaEffect/swh/CMakeFiles/impulse_1885.dir/ladspa/impulse_1885.c.o
[  9%] Linking C shared module ../../ladspa/impulse_1885.so
[  9%] Building C object plugins/LadspaEffect/swh/CMakeFiles/inv_1429.dir/ladspa/inv_1429.c.o
[  9%] Built target hilbert_1440
[  9%] Linking C shared module ../../ladspa/inv_1429.so
[  9%] Built target imp_1199
[ 10%] Building C object plugins/LadspaEffect/swh/CMakeFiles/karaoke_1409.dir/ladspa/karaoke_1409.c.o
[ 10%] Built target impulse_1885
[ 10%] Building C object plugins/LadspaEffect/swh/CMakeFiles/latency_1914.dir/ladspa/latency_1914.c.o
[ 10%] Linking C shared module ../../ladspa/karaoke_1409.so
[ 10%] Built target inv_1429
[ 10%] Linking C shared module ../../ladspa/latency_1914.so
[ 10%] Building C object plugins/LadspaEffect/swh/CMakeFiles/lcr_delay_1436.dir/ladspa/lcr_delay_1436.c.o
[ 10%] Linking C shared module ../../ladspa/lcr_delay_1436.so
[ 10%] Building C object plugins/LadspaEffect/swh/CMakeFiles/lowpass_iir_1891.dir/ladspa/lowpass_iir_1891.c.o
[ 10%] Built target karaoke_1409
[ 10%] Linking C shared module ../../ladspa/lowpass_iir_1891.so
[ 10%] Built target latency_1914
[ 10%] Building C object plugins/LadspaEffect/swh/CMakeFiles/ls_filter_1908.dir/ladspa/ls_filter_1908.c.o
[ 10%] Built target lcr_delay_1436
[ 10%] Building C object plugins/LadspaEffect/swh/CMakeFiles/matrix_ms_st_1421.dir/ladspa/matrix_ms_st_1421.c.o
[ 10%] Linking C shared module ../../ladspa/ls_filter_1908.so
[ 10%] Built target lowpass_iir_1891
[ 10%] Linking C shared module ../../ladspa/matrix_ms_st_1421.so
[ 10%] Building C object plugins/LadspaEffect/swh/CMakeFiles/matrix_spatialiser_1422.dir/ladspa/matrix_spatialiser_1422.c.o
[ 10%] Building C object plugins/LadspaEffect/swh/CMakeFiles/matrix_st_ms_1420.dir/ladspa/matrix_st_ms_1420.c.o
[ 10%] Linking C shared module ../../ladspa/matrix_spatialiser_1422.so
[ 10%] Linking C shared module ../../ladspa/matrix_st_ms_1420.so
[ 10%] Built target matrix_ms_st_1421
[ 10%] Built target ls_filter_1908
[ 10%] Building C object plugins/LadspaEffect/swh/CMakeFiles/mbeq_1197.dir/ladspa/mbeq_1197.c.o
[ 10%] Building C object plugins/LadspaEffect/swh/CMakeFiles/mod_delay_1419.dir/ladspa/mod_delay_1419.c.o
[ 10%] Built target matrix_spatialiser_1422
[ 11%] Linking C shared module ../../ladspa/mbeq_1197.so
[ 11%] Linking C shared module ../../ladspa/mod_delay_1419.so
[ 11%] Built target matrix_st_ms_1420
[ 11%] Building C object plugins/LadspaEffect/swh/CMakeFiles/multivoice_chorus_1201.dir/ladspa/multivoice_chorus_1201.c.o
[ 11%] Building C object plugins/LadspaEffect/swh/CMakeFiles/notch_iir_1894.dir/ladspa/notch_iir_1894.c.o
[ 11%] Linking C shared module ../../ladspa/multivoice_chorus_1201.so
[ 11%] Linking C shared module ../../ladspa/notch_iir_1894.so
[ 11%] Built target mbeq_1197
[ 11%] Built target mod_delay_1419
[ 11%] Built target multivoice_chorus_1201
[ 11%] Building C object plugins/LadspaEffect/swh/CMakeFiles/phasers_1217.dir/ladspa/phasers_1217.c.o
[ 11%] Building C object plugins/LadspaEffect/swh/CMakeFiles/pitchscale.dir/ladspa/util/pitchscale.c.o
[ 11%] Built target notch_iir_1894
[ 11%] Building C object plugins/LadspaEffect/swh/CMakeFiles/plate_1423.dir/ladspa/plate_1423.c.o
[ 11%] Linking C shared module ../../ladspa/phasers_1217.so
[ 11%] Linking C static library libpitchscale.a
[ 11%] Linking C shared module ../../ladspa/plate_1423.so
[ 11%] Building C object plugins/LadspaEffect/swh/CMakeFiles/pointer_cast_1910.dir/ladspa/pointer_cast_1910.c.o
[ 11%] Linking C shared module ../../ladspa/pointer_cast_1910.so
[ 11%] Built target pitchscale
[ 11%] Built target plate_1423
[ 11%] Built target phasers_1217
[ 11%] Building C object plugins/LadspaEffect/swh/CMakeFiles/rate_shifter_1417.dir/ladspa/rate_shifter_1417.c.o
[ 11%] Building C object plugins/LadspaEffect/swh/CMakeFiles/revdelay_1605.dir/ladspa/revdelay_1605.c.o
[ 11%] Building C object plugins/LadspaEffect/swh/CMakeFiles/retro_flange_1208.dir/ladspa/retro_flange_1208.c.o
[ 11%] Linking C shared module ../../ladspa/rate_shifter_1417.so
[ 11%] Built target pointer_cast_1910
[ 11%] Linking C shared module ../../ladspa/revdelay_1605.so
[ 11%] Linking C shared module ../../ladspa/retro_flange_1208.so
[ 11%] Building C object plugins/LadspaEffect/swh/CMakeFiles/ringmod_1188.dir/ladspa/ringmod_1188.c.o
[ 11%] Linking C shared module ../../ladspa/ringmod_1188.so
[ 11%] Built target rate_shifter_1417
[ 11%] Built target revdelay_1605
[ 11%] Built target retro_flange_1208
[ 11%] Building C object plugins/LadspaEffect/swh/CMakeFiles/satan_maximiser_1408.dir/ladspa/satan_maximiser_1408.c.o
[ 11%] Building C object plugins/LadspaEffect/swh/CMakeFiles/db.dir/ladspa/util/db.c.o
[ 11%] Linking C shared module ../../ladspa/satan_maximiser_1408.so
[ 11%] Built target rms
[ 11%] Built target ringmod_1188
[ 11%] Linking C static library libdb.a
[ 11%] Building C object plugins/LadspaEffect/swh/CMakeFiles/shaper_1187.dir/ladspa/shaper_1187.c.o
[ 11%] Building C object plugins/LadspaEffect/swh/CMakeFiles/sifter_1210.dir/ladspa/sifter_1210.c.o
[ 11%] Linking C shared module ../../ladspa/shaper_1187.so
[ 11%] Linking C shared module ../../ladspa/sifter_1210.so
[ 11%] Built target db
[ 11%] Built target satan_maximiser_1408
[ 11%] Building C object plugins/LadspaEffect/swh/CMakeFiles/single_para_1203.dir/ladspa/single_para_1203.c.o
[ 11%] Building C object plugins/LadspaEffect/swh/CMakeFiles/sin_cos_1881.dir/ladspa/sin_cos_1881.c.o
[ 11%] Linking C shared module ../../ladspa/single_para_1203.so
[ 11%] Linking C shared module ../../ladspa/sin_cos_1881.so
[ 11%] Built target shaper_1187
[ 11%] Built target sifter_1210
[ 11%] Building C object plugins/LadspaEffect/swh/CMakeFiles/sinus_wavewrapper_1198.dir/ladspa/sinus_wavewrapper_1198.c.o
[ 11%] Building C object plugins/LadspaEffect/swh/CMakeFiles/smooth_decimate_1414.dir/ladspa/smooth_decimate_1414.c.o
[ 11%] Linking C shared module ../../ladspa/sinus_wavewrapper_1198.so
[ 11%] Linking C shared module ../../ladspa/smooth_decimate_1414.so
[ 11%] Built target sin_cos_1881
[ 12%] Built target single_para_1203
[ 12%] Building C object plugins/LadspaEffect/swh/CMakeFiles/split_1406.dir/ladspa/split_1406.c.o
[ 12%] Building C object plugins/LadspaEffect/swh/CMakeFiles/step_muxer_1212.dir/ladspa/step_muxer_1212.c.o
[ 12%] Linking C shared module ../../ladspa/split_1406.so
[ 12%] Built target smooth_decimate_1414
[ 12%] Linking C shared module ../../ladspa/step_muxer_1212.so
[ 12%] Built target sinus_wavewrapper_1198
[ 12%] Building C object plugins/LadspaEffect/swh/CMakeFiles/surround_encoder_1401.dir/ladspa/surround_encoder_1401.c.o
[ 12%] Building C object plugins/LadspaEffect/swh/CMakeFiles/svf_1214.dir/ladspa/svf_1214.c.o
[ 12%] Linking C shared module ../../ladspa/surround_encoder_1401.so
[ 12%] Built target split_1406
[ 12%] Linking C shared module ../../ladspa/svf_1214.so
[ 12%] Built target step_muxer_1212
[ 12%] Building C object plugins/LadspaEffect/swh/CMakeFiles/tape_delay_1211.dir/ladspa/tape_delay_1211.c.o
[ 12%] Building C object plugins/LadspaEffect/swh/CMakeFiles/transient_1206.dir/ladspa/transient_1206.c.o
[ 12%] Linking C shared module ../../ladspa/transient_1206.so
[ 12%] Built target surround_encoder_1401
[ 12%] Linking C shared module ../../ladspa/tape_delay_1211.so
[ 12%] Built target svf_1214
[ 12%] Building C object plugins/LadspaEffect/swh/CMakeFiles/triple_para_1204.dir/ladspa/triple_para_1204.c.o
[ 12%] Linking C shared module ../../ladspa/triple_para_1204.so
[ 12%] Building C object plugins/LadspaEffect/swh/CMakeFiles/valve_1209.dir/ladspa/valve_1209.c.o
[ 12%] Built target tape_delay_1211
[ 12%] Built target transient_1206
[ 12%] Linking C shared module ../../ladspa/valve_1209.so
[ 12%] Building C object plugins/LadspaEffect/swh/CMakeFiles/valve_rect_1405.dir/ladspa/valve_rect_1405.c.o
[ 12%] Building C object plugins/LadspaEffect/swh/CMakeFiles/vocoder_1337.dir/ladspa/vocoder_1337.c.o
[ 12%] Linking C shared module ../../ladspa/valve_rect_1405.so
[ 12%] Linking C shared module ../../ladspa/vocoder_1337.so
[ 12%] Built target triple_para_1204
[ 12%] Built target valve_1209
[ 12%] Building C object plugins/LadspaEffect/swh/CMakeFiles/vynil_1905.dir/ladspa/vynil_1905.c.o
[ 12%] Building C object plugins/LadspaEffect/swh/CMakeFiles/wave_terrain_1412.dir/ladspa/wave_terrain_1412.c.o
[ 12%] Built target valve_rect_1405
[ 12%] Linking C shared module ../../ladspa/vynil_1905.so
[ 12%] Linking C shared module ../../ladspa/wave_terrain_1412.so
[ 12%] Built target vocoder_1337
[ 12%] Building C object plugins/LadspaEffect/swh/CMakeFiles/xfade_1915.dir/ladspa/xfade_1915.c.o
[ 12%] Building C object plugins/LadspaEffect/swh/CMakeFiles/zm1_1428.dir/ladspa/zm1_1428.c.o
[ 12%] Linking C shared module ../../ladspa/xfade_1915.so
[ 12%] Linking C shared module ../../ladspa/zm1_1428.so
[ 12%] Built target wave_terrain_1412
[ 12%] Built target vynil_1905
[ 12%] Built target xfade_1915
[ 13%] Built target cmt
[ 13%] Built target zm1_1428
[ 14%] Built target veal
[ 14%] Built target adplug
[ 15%] Built target gme
[ 15%] Built target rnnoise_vendored
[ 15%] Performing build step for 'NativeLinuxRemoteVstPlugin64'
[ 16%] Built target resid_objects
[ 17%] Built target zynaddsubfx_nio
[ 18%] Built target lmms_vst3_sdk
[ 20%] Building CXX object CMakeFiles/NativeLinuxRemoteVstPlugin64.dir/home/kruzzzzy/Documents/AI_KOS_PROJECT/projects/lmms-fl-research/zene-pa-integration/plugins/VstBase/RemoteVstPlugin.cpp.o
[ 18%] Built target FakeRemotePluginClient_autogen_timestamp_deps
[ 40%] Building CXX object CMakeFiles/NativeLinuxRemoteVstPlugin64.dir/home/kruzzzzy/Documents/AI_KOS_PROJECT/projects/lmms-fl-research/zene-pa-integration/src/common/RemotePluginBase.cpp.o
[ 20%] Built target zynaddsubfx_synth
[ 60%] Building CXX object CMakeFiles/NativeLinuxRemoteVstPlugin64.dir/home/kruzzzzy/Documents/AI_KOS_PROJECT/projects/lmms-fl-research/zene-pa-integration/src/common/SharedMemory.cpp.o
[ 22%] Built target zynaddsubfx_gui
[ 80%] Building CXX object CMakeFiles/NativeLinuxRemoteVstPlugin64.dir/home/kruzzzzy/Documents/AI_KOS_PROJECT/projects/lmms-fl-research/zene-pa-integration/src/common/SystemSemaphore.cpp.o
[ 22%] Built target ClapBusMapTest_autogen_timestamp_deps
[ 22%] Built target clap-test-gain_autogen_timestamp_deps
[ 22%] Built target lmmsobjs_autogen_timestamp_deps
[ 22%] Building C object plugins/LadspaEffect/swh/CMakeFiles/analogue_osc_1416.dir/ladspa/analogue_osc_1416.c.o
[ 22%] Building C object plugins/LadspaEffect/swh/CMakeFiles/bandpass_a_iir_1893.dir/ladspa/bandpass_a_iir_1893.c.o
[ 22%] Linking C shared module ../../ladspa/analogue_osc_1416.so
[ 22%] Linking C shared module ../../ladspa/bandpass_a_iir_1893.so
[ 22%] Built target analogue_osc_1416
[ 22%] Built target bandpass_a_iir_1893
[ 22%] Building C object plugins/LadspaEffect/swh/CMakeFiles/bandpass_iir_1892.dir/ladspa/bandpass_iir_1892.c.o
[ 22%] Building C object plugins/LadspaEffect/swh/CMakeFiles/butterworth_1902.dir/ladspa/butterworth_1902.c.o
[ 22%] Linking C shared module ../../ladspa/bandpass_iir_1892.so
[ 22%] Linking C shared module ../../ladspa/butterworth_1902.so
[ 22%] Built target bandpass_iir_1892
[ 22%] Built target butterworth_1902
[ 22%] Building C object plugins/LadspaEffect/swh/CMakeFiles/gsm_1215.dir/ladspa/gsm_1215.c.o
[ 22%] Linking C shared module ../../ladspa/gsm_1215.so
[ 22%] Building C object plugins/LadspaEffect/swh/CMakeFiles/gverb_1216.dir/ladspa/gverb_1216.c.o
[ 22%] Linking C shared module ../../ladspa/gverb_1216.so
[ 22%] Built target gsm_1215
[ 22%] Built target gverb_1216
[ 22%] Building C object plugins/LadspaEffect/swh/CMakeFiles/pitch_scale_1194.dir/ladspa/pitch_scale_1194.c.o
[ 23%] Building C object plugins/LadspaEffect/swh/CMakeFiles/pitch_scale_1193.dir/ladspa/pitch_scale_1193.c.o
[ 23%] Linking C shared module ../../ladspa/pitch_scale_1193.so
[ 23%] Linking C shared module ../../ladspa/pitch_scale_1194.so
[ 23%] Built target pitch_scale_1193
[ 23%] Built target pitch_scale_1194
[ 23%] Building C object plugins/LadspaEffect/swh/CMakeFiles/sc1_1425.dir/ladspa/sc1_1425.c.o
[ 23%] Building C object plugins/LadspaEffect/swh/CMakeFiles/sc2_1426.dir/ladspa/sc2_1426.c.o
[ 23%] Building C object plugins/LadspaEffect/swh/CMakeFiles/sc3_1427.dir/ladspa/sc3_1427.c.o
[ 23%] Linking C shared module ../../ladspa/sc1_1425.so
[ 23%] Linking C shared module ../../ladspa/sc2_1426.so
[ 23%] Linking C shared module ../../ladspa/sc3_1427.so
[ 24%] Built target sc3_1427
[ 24%] Built target sc1_1425
[ 24%] Built target sc2_1426
[ 24%] Building C object plugins/LadspaEffect/swh/CMakeFiles/sc4_1882.dir/ladspa/sc4_1882.c.o
[ 24%] Building C object plugins/LadspaEffect/swh/CMakeFiles/sc4m_1916.dir/ladspa/sc4m_1916.c.o
[ 24%] Building C object plugins/LadspaEffect/swh/CMakeFiles/se4_1883.dir/ladspa/se4_1883.c.o
[ 24%] Linking C shared module ../../ladspa/sc4_1882.so
[ 24%] Linking C shared module ../../ladspa/sc4m_1916.so
[ 24%] Linking C shared module ../../ladspa/se4_1883.so
[ 24%] Built target se4_1883
[ 24%] Built target sc4_1882
[ 24%] Built target sc4m_1916
[ 24%] Built target FakeRemotePluginClient_autogen
[ 24%] Building CXX object plugins/ZynAddSubFx/CMakeFiles/ZynAddSubFxCore.dir/LocalZynAddSubFx.cpp.o
[ 24%] Built target clap-test-gain_autogen
[ 24%] Linking CXX static library libZynAddSubFxCore.a
[ 24%] Automatic MOC for target ClapBusMapTest
[ 24%] Built target ZynAddSubFxCore
[ 24%] Built target FakeRemotePluginClient
[ 24%] Built target clap-test-gain
[ 24%] Building CXX object plugins/ZynAddSubFx/CMakeFiles/RemoteZynAddSubFx.dir/RemoteZynAddSubFx.cpp.o
[ 24%] Building CXX object plugins/ZynAddSubFx/CMakeFiles/RemoteZynAddSubFx.dir/__/__/src/common/RemotePluginBase.cpp.o
[ 24%] Building CXX object plugins/ZynAddSubFx/CMakeFiles/RemoteZynAddSubFx.dir/__/__/src/common/SharedMemory.cpp.o
[ 24%] Building CXX object plugins/ZynAddSubFx/CMakeFiles/RemoteZynAddSubFx.dir/__/__/src/common/SystemSemaphore.cpp.o
[ 24%] Linking CXX executable ../RemoteZynAddSubFx
[ 24%] Built target ClapBusMapTest_autogen
[ 24%] Built target ClapHostTest_autogen_timestamp_deps
[ 24%] Building CXX object tests/CMakeFiles/ClapBusMapTest.dir/src/plugins/ClapBusMapTest.cpp.o
[ 24%] Built target RemoteZynAddSubFx
[ 24%] Built target ClapHostTest_autogen
[ 24%] Building CXX object tests/CMakeFiles/ClapBusMapTest.dir/__/plugins/ClapEffect/ClapBusMap.cpp.o
[ 24%] Building CXX object tests/CMakeFiles/ClapHostTest.dir/__/plugins/ClapEffect/ClapBusMap.cpp.o
[ 24%] Linking CXX executable ClapHostTest
[ 24%] Linking CXX executable ClapBusMapTest
[ 24%] Built target ClapHostTest
[ 24%] Built target ClapBusMapTest
[100%] Linking CXX executable /home/kruzzzzy/Documents/AI_KOS_PROJECT/projects/lmms-fl-research/zene-pa-integration/build/plugins/NativeLinuxRemoteVstPlugin64
[100%] Built target NativeLinuxRemoteVstPlugin64
[ 25%] No install step for 'NativeLinuxRemoteVstPlugin64'
[ 25%] Completed 'NativeLinuxRemoteVstPlugin64'
[ 25%] Built target NativeLinuxRemoteVstPlugin64
[ 25%] Automatic MOC and UIC for target lmmsobjs
AutoMoc: /home/kruzzzzy/Documents/AI_KOS_PROJECT/projects/lmms-fl-research/zene-pa-integration/include/AudioSoundIo.h:0:1: note: No relevant classes found. No output generated.
AutoMoc: /home/kruzzzzy/Documents/AI_KOS_PROJECT/projects/lmms-fl-research/zene-pa-integration/include/MidiApple.h:0:1: note: No relevant classes found. No output generated.
AutoMoc: /home/kruzzzzy/Documents/AI_KOS_PROJECT/projects/lmms-fl-research/zene-pa-integration/include/MidiWinMM.h:0:1: note: No relevant classes found. No output generated.
[ 25%] Built target lmmsobjs_autogen
[ 25%] Generating qrc_lmms.cpp
[ 25%] Building CXX object src/CMakeFiles/lmmsobjs.dir/core/AudioBuffer.cpp.o
[ 25%] Building CXX object src/CMakeFiles/lmmsobjs.dir/lmmsobjs_autogen/mocs_compilation.cpp.o
[ 25%] Building CXX object src/CMakeFiles/lmmsobjs.dir/core/AudioBus.cpp.o
[ 25%] Building CXX object src/CMakeFiles/lmmsobjs.dir/core/AudioBusHandle.cpp.o
[ 25%] Building CXX object src/CMakeFiles/lmmsobjs.dir/core/AudioEngine.cpp.o
[ 25%] Building CXX object src/CMakeFiles/lmmsobjs.dir/core/AudioEngineWorkerThread.cpp.o
[ 26%] Building CXX object src/CMakeFiles/lmmsobjs.dir/core/AudioPortsModel.cpp.o
[ 26%] Building CXX object src/CMakeFiles/lmmsobjs.dir/core/AudioResampler.cpp.o
[ 26%] Building CXX object src/CMakeFiles/lmmsobjs.dir/core/AutomatableModel.cpp.o
[ 26%] Building CXX object src/CMakeFiles/lmmsobjs.dir/core/AutomationClip.cpp.o
[ 26%] Building CXX object src/CMakeFiles/lmmsobjs.dir/core/BandLimitedWave.cpp.o
[ 26%] Building CXX object src/CMakeFiles/lmmsobjs.dir/core/BufferManager.cpp.o
[ 26%] Building CXX object src/CMakeFiles/lmmsobjs.dir/core/ConfigManager.cpp.o
[ 26%] Building CXX object src/CMakeFiles/lmmsobjs.dir/core/CrashReporter.cpp.o
[ 26%] Building CXX object src/CMakeFiles/lmmsobjs.dir/core/ControlCommandsArrangement.cpp.o
[ 26%] Building CXX object src/CMakeFiles/lmmsobjs.dir/core/ControlCommandsClip.cpp.o
[ 26%] Building CXX object src/CMakeFiles/lmmsobjs.dir/core/ControlAutomationSupport.cpp.o
[ 26%] Building CXX object src/CMakeFiles/lmmsobjs.dir/core/ControlCommandsAutomation.cpp.o
[ 26%] Building CXX object src/CMakeFiles/lmmsobjs.dir/core/ControlCommandsControl.cpp.o
[ 26%] Building CXX object src/CMakeFiles/lmmsobjs.dir/core/ControlCommandsDsp.cpp.o
[ 26%] Building CXX object src/CMakeFiles/lmmsobjs.dir/core/ControlCommandsMixer.cpp.o
[ 26%] Building CXX object src/CMakeFiles/lmmsobjs.dir/core/ControlCommandsNotes.cpp.o
[ 26%] Building CXX object src/CMakeFiles/lmmsobjs.dir/core/ControlCommandsPlugin.cpp.o
[ 26%] Building CXX object src/CMakeFiles/lmmsobjs.dir/core/ControlCommandsPluginParams.cpp.o
[ 26%] Building CXX object src/CMakeFiles/lmmsobjs.dir/core/ControlCommandsArrangementState.cpp.o
[ 26%] Building CXX object src/CMakeFiles/lmmsobjs.dir/core/ControlCommandsProject.cpp.o
[ 26%] Building CXX object src/CMakeFiles/lmmsobjs.dir/core/ControlCommandsProjectFiles.cpp.o
[ 26%] Building CXX object src/CMakeFiles/lmmsobjs.dir/core/ControlCommandsScript.cpp.o
[ 26%] Building CXX object src/CMakeFiles/lmmsobjs.dir/core/ControlCommandsSettings.cpp.o
[ 26%] Building CXX object src/CMakeFiles/lmmsobjs.dir/core/ControlCommandsSurface.cpp.o
[ 26%] Building CXX object src/CMakeFiles/lmmsobjs.dir/core/ControlCommandsTelemetry.cpp.o
[ 26%] Building CXX object src/CMakeFiles/lmmsobjs.dir/core/ControlCommandsTransport.cpp.o
[ 26%] Building CXX object src/CMakeFiles/lmmsobjs.dir/core/ControlDeviceCatalogue.cpp.o
[ 26%] Building CXX object src/CMakeFiles/lmmsobjs.dir/core/ControlDeviceHosted.cpp.o
[ 26%] Building CXX object src/CMakeFiles/lmmsobjs.dir/core/ControlDeviceState.cpp.o
[ 26%] Building CXX object src/CMakeFiles/lmmsobjs.dir/core/ControlDeviceSupport.cpp.o
[ 26%] Building CXX object src/CMakeFiles/lmmsobjs.dir/core/ControlEditSupport.cpp.o
[ 26%] Building CXX object src/CMakeFiles/lmmsobjs.dir/core/ControlRegistry.cpp.o
[ 26%] Building CXX object src/CMakeFiles/lmmsobjs.dir/core/ControlReversibility.cpp.o
[ 26%] Building CXX object src/CMakeFiles/lmmsobjs.dir/core/ControlSession.cpp.o
[ 26%] Building CXX object src/CMakeFiles/lmmsobjs.dir/core/Controller.cpp.o
[ 26%] Building CXX object src/CMakeFiles/lmmsobjs.dir/core/ControllerConnection.cpp.o
[ 26%] Building CXX object src/CMakeFiles/lmmsobjs.dir/core/DataFile.cpp.o
[ 27%] Building CXX object src/CMakeFiles/lmmsobjs.dir/core/DrumSynth.cpp.o
[ 27%] Building CXX object src/CMakeFiles/lmmsobjs.dir/core/Effect.cpp.o
[ 27%] Building CXX object src/CMakeFiles/lmmsobjs.dir/core/EffectChain.cpp.o
[ 27%] Building CXX object src/CMakeFiles/lmmsobjs.dir/core/Engine.cpp.o
[ 27%] Building CXX object src/CMakeFiles/lmmsobjs.dir/core/EnvelopeAndLfoParameters.cpp.o
[ 27%] Building CXX object src/CMakeFiles/lmmsobjs.dir/core/Mixer.cpp.o
[ 27%] Building CXX object src/CMakeFiles/lmmsobjs.dir/core/VcaGroup.cpp.o
[ 27%] Building CXX object src/CMakeFiles/lmmsobjs.dir/core/ImportFilter.cpp.o
[ 27%] Building CXX object src/CMakeFiles/lmmsobjs.dir/core/Instrument.cpp.o
[ 27%] Building CXX object src/CMakeFiles/lmmsobjs.dir/core/InstrumentFunctions.cpp.o
[ 27%] Building CXX object src/CMakeFiles/lmmsobjs.dir/core/InstrumentPlayHandle.cpp.o
[ 27%] Building CXX object src/CMakeFiles/lmmsobjs.dir/core/InstrumentSoundShaping.cpp.o
[ 27%] Building CXX object src/CMakeFiles/lmmsobjs.dir/core/JournallingObject.cpp.o
[ 27%] Building CXX object src/CMakeFiles/lmmsobjs.dir/core/LatencyCompensation.cpp.o
[ 27%] Building CXX object src/CMakeFiles/lmmsobjs.dir/core/LoudnessReport.cpp.o
[ 27%] Building CXX object src/CMakeFiles/lmmsobjs.dir/core/LufsMeter.cpp.o
[ 27%] Building CXX object src/CMakeFiles/lmmsobjs.dir/core/MasteringChain.cpp.o
[ 27%] Building CXX object src/CMakeFiles/lmmsobjs.dir/core/MasteringJob.cpp.o
[ 27%] Building CXX object src/CMakeFiles/lmmsobjs.dir/core/LadspaManager.cpp.o
[ 28%] Building CXX object src/CMakeFiles/lmmsobjs.dir/core/LfoController.cpp.o
[ 28%] Building CXX object src/CMakeFiles/lmmsobjs.dir/core/LocklessAllocator.cpp.o
[ 28%] Building CXX object src/CMakeFiles/lmmsobjs.dir/core/Metronome.cpp.o
[ 28%] Building CXX object src/CMakeFiles/lmmsobjs.dir/core/Microtuner.cpp.o
[ 28%] Building CXX object src/CMakeFiles/lmmsobjs.dir/core/MidiLearn.cpp.o
[ 28%] Building CXX object src/CMakeFiles/lmmsobjs.dir/core/MixHelpers.cpp.o
[ 28%] Building CXX object src/CMakeFiles/lmmsobjs.dir/core/NotePlayHandle.cpp.o
[ 28%] Building CXX object src/CMakeFiles/lmmsobjs.dir/core/Oscillator.cpp.o
[ 28%] Building CXX object src/CMakeFiles/lmmsobjs.dir/core/PathUtil.cpp.o
[ 28%] Building CXX object src/CMakeFiles/lmmsobjs.dir/core/PatternClip.cpp.o
[ 28%] Building CXX object src/CMakeFiles/lmmsobjs.dir/core/PatternStore.cpp.o
[ 28%] Building CXX object src/CMakeFiles/lmmsobjs.dir/core/PeakController.cpp.o
[ 28%] Building CXX object src/CMakeFiles/lmmsobjs.dir/core/PerfLog.cpp.o
[ 28%] Building CXX object src/CMakeFiles/lmmsobjs.dir/core/Piano.cpp.o
[ 28%] Building CXX object src/CMakeFiles/lmmsobjs.dir/core/PlayHandle.cpp.o
[ 28%] Building CXX object src/CMakeFiles/lmmsobjs.dir/core/Plugin.cpp.o
[ 28%] Building CXX object src/CMakeFiles/lmmsobjs.dir/core/PluginFactory.cpp.o
[ 28%] Building CXX object src/CMakeFiles/lmmsobjs.dir/core/PluginScanCache.cpp.o
[ 28%] Building CXX object src/CMakeFiles/lmmsobjs.dir/core/PresetPreviewPlayHandle.cpp.o
[ 28%] Building CXX object src/CMakeFiles/lmmsobjs.dir/core/ProjectJournal.cpp.o
[ 28%] Building CXX object src/CMakeFiles/lmmsobjs.dir/core/ProjectRenderer.cpp.o
[ 28%] Building CXX object src/CMakeFiles/lmmsobjs.dir/core/RemotePlugin.cpp.o
[ 28%] Building CXX object src/CMakeFiles/lmmsobjs.dir/core/Rack.cpp.o
[ 28%] Building CXX object src/CMakeFiles/lmmsobjs.dir/core/RackNodes.cpp.o
[ 28%] Building CXX object src/CMakeFiles/lmmsobjs.dir/core/RenderManager.cpp.o
[ 28%] Building CXX object src/CMakeFiles/lmmsobjs.dir/core/RingBuffer.cpp.o
[ 28%] Building CXX object src/CMakeFiles/lmmsobjs.dir/core/RoutingChainNodes.cpp.o
[ 28%] Building CXX object src/CMakeFiles/lmmsobjs.dir/core/RoutingGraph.cpp.o
[ 28%] Building CXX object src/CMakeFiles/lmmsobjs.dir/core/RoutingNode.cpp.o
[ 28%] Building CXX object src/CMakeFiles/lmmsobjs.dir/core/RoutingNodes.cpp.o
[ 28%] Building CXX object src/CMakeFiles/lmmsobjs.dir/core/Sample.cpp.o
[ 28%] Building CXX object src/CMakeFiles/lmmsobjs.dir/core/SampleBuffer.cpp.o
[ 28%] Building CXX object src/CMakeFiles/lmmsobjs.dir/core/SampleClip.cpp.o
[ 28%] Building CXX object src/CMakeFiles/lmmsobjs.dir/core/SampleDecoder.cpp.o
[ 29%] Building CXX object src/CMakeFiles/lmmsobjs.dir/core/SamplePlayHandle.cpp.o
[ 29%] Building CXX object src/CMakeFiles/lmmsobjs.dir/core/SampleRecordHandle.cpp.o
[ 29%] Building CXX object src/CMakeFiles/lmmsobjs.dir/core/ScriptBindings.cpp.o
[ 29%] Building CXX object src/CMakeFiles/lmmsobjs.dir/core/ScriptEngine.cpp.o
[ 29%] Building CXX object src/CMakeFiles/lmmsobjs.dir/core/LmmsSemaphore.cpp.o
[ 29%] Building CXX object src/CMakeFiles/lmmsobjs.dir/core/Song.cpp.o
[ 29%] Building CXX object src/CMakeFiles/lmmsobjs.dir/core/TempoSyncKnobModel.cpp.o
[ 29%] Building CXX object src/CMakeFiles/lmmsobjs.dir/core/Timeline.cpp.o
[ 29%] Building CXX object src/CMakeFiles/lmmsobjs.dir/core/Track.cpp.o
[ 29%] Building CXX object src/CMakeFiles/lmmsobjs.dir/core/TrackContainer.cpp.o
[ 29%] Building CXX object src/CMakeFiles/lmmsobjs.dir/core/Clip.cpp.o
[ 29%] Building CXX object src/CMakeFiles/lmmsobjs.dir/core/VstSyncController.cpp.o
[ 30%] Building CXX object src/CMakeFiles/lmmsobjs.dir/core/StepRecorder.cpp.o
[ 30%] Building CXX object src/CMakeFiles/lmmsobjs.dir/core/audio/AudioAlsa.cpp.o
[ 30%] Building CXX object src/CMakeFiles/lmmsobjs.dir/core/audio/AudioDevice.cpp.o
[ 30%] Building CXX object src/CMakeFiles/lmmsobjs.dir/core/audio/AudioFileDevice.cpp.o
[ 30%] Building CXX object src/CMakeFiles/lmmsobjs.dir/core/audio/AudioFileMP3.cpp.o
[ 30%] Building CXX object src/CMakeFiles/lmmsobjs.dir/core/audio/AudioFileOgg.cpp.o
[ 30%] Building CXX object src/CMakeFiles/lmmsobjs.dir/core/audio/AudioFileFlac.cpp.o
[ 30%] Building CXX object src/CMakeFiles/lmmsobjs.dir/core/audio/AudioFileWave.cpp.o
[ 30%] Building CXX object src/CMakeFiles/lmmsobjs.dir/core/audio/AudioJack.cpp.o
[ 30%] Building CXX object src/CMakeFiles/lmmsobjs.dir/core/audio/AudioOss.cpp.o
[ 30%] Building CXX object src/CMakeFiles/lmmsobjs.dir/core/audio/AudioSndio.cpp.o
[ 30%] Building CXX object src/CMakeFiles/lmmsobjs.dir/core/audio/AudioPortAudio.cpp.o
[ 30%] Building CXX object src/CMakeFiles/lmmsobjs.dir/core/audio/AudioSoundIo.cpp.o
[ 30%] Building CXX object src/CMakeFiles/lmmsobjs.dir/core/audio/AudioPulseAudio.cpp.o
[ 30%] Building CXX object src/CMakeFiles/lmmsobjs.dir/core/audio/AudioSampleRecorder.cpp.o
[ 30%] Building CXX object src/CMakeFiles/lmmsobjs.dir/core/audio/AudioSdl.cpp.o
[ 30%] Building CXX object src/CMakeFiles/lmmsobjs.dir/core/audio/MultiTrackRecorder.cpp.o
[ 30%] Building CXX object src/CMakeFiles/lmmsobjs.dir/core/audio/TrackRecorder.cpp.o
[ 30%] Building CXX object src/CMakeFiles/lmmsobjs.dir/core/lv2/Lv2Basics.cpp.o
[ 30%] Building CXX object src/CMakeFiles/lmmsobjs.dir/core/lv2/Lv2ControlBase.cpp.o
[ 30%] Building CXX object src/CMakeFiles/lmmsobjs.dir/core/lv2/Lv2Evbuf.cpp.o
[ 30%] Building CXX object src/CMakeFiles/lmmsobjs.dir/core/lv2/Lv2Features.cpp.o
[ 30%] Building CXX object src/CMakeFiles/lmmsobjs.dir/core/lv2/Lv2Ports.cpp.o
[ 30%] Building CXX object src/CMakeFiles/lmmsobjs.dir/core/lv2/Lv2Proc.cpp.o
[ 31%] Building CXX object src/CMakeFiles/lmmsobjs.dir/core/lv2/Lv2Manager.cpp.o
[ 31%] Building CXX object src/CMakeFiles/lmmsobjs.dir/core/lv2/Lv2Options.cpp.o
[ 31%] Building CXX object src/CMakeFiles/lmmsobjs.dir/core/lv2/Lv2SubPluginFeatures.cpp.o
[ 31%] Building CXX object src/CMakeFiles/lmmsobjs.dir/core/lv2/Lv2UridCache.cpp.o
[ 31%] Building CXX object src/CMakeFiles/lmmsobjs.dir/core/lv2/Lv2UridMap.cpp.o
[ 31%] Building CXX object src/CMakeFiles/lmmsobjs.dir/core/lv2/Lv2Worker.cpp.o
[ 31%] Building CXX object src/CMakeFiles/lmmsobjs.dir/core/midi/MidiAlsaRaw.cpp.o
[ 31%] Building CXX object src/CMakeFiles/lmmsobjs.dir/core/midi/MidiAlsaSeq.cpp.o
[ 31%] Building CXX object src/CMakeFiles/lmmsobjs.dir/core/midi/MidiController.cpp.o
[ 31%] Building CXX object src/CMakeFiles/lmmsobjs.dir/core/midi/MidiJack.cpp.o
[ 31%] Building CXX object src/CMakeFiles/lmmsobjs.dir/core/midi/MidiOss.cpp.o
[ 31%] Building CXX object src/CMakeFiles/lmmsobjs.dir/core/midi/MidiSndio.cpp.o
[ 31%] Building CXX object src/CMakeFiles/lmmsobjs.dir/core/midi/MidiApple.cpp.o
[ 31%] Building CXX object src/CMakeFiles/lmmsobjs.dir/core/midi/MidiPort.cpp.o
[ 31%] Building CXX object src/CMakeFiles/lmmsobjs.dir/core/midi/MidiWinMM.cpp.o
[ 31%] Building CXX object src/CMakeFiles/lmmsobjs.dir/core/Telemetry.cpp.o
[ 31%] Building CXX object src/CMakeFiles/lmmsobjs.dir/core/TelemetryNetworkTransport.cpp.o
[ 31%] Building CXX object src/CMakeFiles/lmmsobjs.dir/gui/AudioAlsaSetupWidget.cpp.o
[ 31%] Building CXX object src/CMakeFiles/lmmsobjs.dir/gui/AutomatableModelView.cpp.o
[ 31%] Building CXX object src/CMakeFiles/lmmsobjs.dir/gui/ControllerDialog.cpp.o
[ 31%] Building CXX object src/CMakeFiles/lmmsobjs.dir/gui/ControllerRackView.cpp.o
[ 31%] Building CXX object src/CMakeFiles/lmmsobjs.dir/gui/ControllerView.cpp.o
[ 31%] Building CXX object src/CMakeFiles/lmmsobjs.dir/gui/EffectControlDialog.cpp.o
[ 31%] Building CXX object src/CMakeFiles/lmmsobjs.dir/gui/EffectRackView.cpp.o
[ 31%] Building CXX object src/CMakeFiles/lmmsobjs.dir/gui/EffectView.cpp.o
[ 31%] Building CXX object src/CMakeFiles/lmmsobjs.dir/gui/FileBrowser.cpp.o
[ 31%] Building CXX object src/CMakeFiles/lmmsobjs.dir/gui/FileRevealer.cpp.o
[ 31%] Building CXX object src/CMakeFiles/lmmsobjs.dir/gui/GuiApplication.cpp.o
[ 31%] Building CXX object src/CMakeFiles/lmmsobjs.dir/gui/LfoControllerDialog.cpp.o
[ 31%] Building CXX object src/CMakeFiles/lmmsobjs.dir/gui/Lv2ViewBase.cpp.o
[ 31%] Building CXX object src/CMakeFiles/lmmsobjs.dir/gui/MainApplication.cpp.o
[ 31%] Building CXX object src/CMakeFiles/lmmsobjs.dir/gui/MainWindow.cpp.o
[ 31%] Building CXX object src/CMakeFiles/lmmsobjs.dir/gui/MicrotunerConfig.cpp.o
[ 31%] Building CXX object src/CMakeFiles/lmmsobjs.dir/gui/MidiCCRackView.cpp.o
[ 32%] Building CXX object src/CMakeFiles/lmmsobjs.dir/gui/MidiSetupWidget.cpp.o
[ 32%] Building CXX object src/CMakeFiles/lmmsobjs.dir/gui/MixerChannelView.cpp.o
[ 32%] Building CXX object src/CMakeFiles/lmmsobjs.dir/gui/MixerView.cpp.o
[ 32%] Building CXX object src/CMakeFiles/lmmsobjs.dir/gui/PeakControllerDialog.cpp.o
[ 32%] Building CXX object src/CMakeFiles/lmmsobjs.dir/gui/PinConnector.cpp.o
[ 32%] Building CXX object src/CMakeFiles/lmmsobjs.dir/gui/PluginBrowser.cpp.o
[ 32%] Building CXX object src/CMakeFiles/lmmsobjs.dir/gui/ProjectNotes.cpp.o
[ 32%] Building CXX object src/CMakeFiles/lmmsobjs.dir/gui/SampleTrackWindow.cpp.o
[ 32%] Building CXX object src/CMakeFiles/lmmsobjs.dir/gui/SampleThumbnail.cpp.o
[ 32%] Building CXX object src/CMakeFiles/lmmsobjs.dir/gui/SendButtonIndicator.cpp.o
[ 32%] Building CXX object src/CMakeFiles/lmmsobjs.dir/gui/StringPairDrag.cpp.o
[ 32%] Building CXX object src/CMakeFiles/lmmsobjs.dir/gui/SubWindow.cpp.o
[ 32%] Building CXX object src/CMakeFiles/lmmsobjs.dir/gui/ToolPluginView.cpp.o
[ 32%] Building CXX object src/CMakeFiles/lmmsobjs.dir/gui/clips/AutomationClipView.cpp.o
[ 32%] Building CXX object src/CMakeFiles/lmmsobjs.dir/gui/clips/ClipView.cpp.o
[ 32%] Building CXX object src/CMakeFiles/lmmsobjs.dir/gui/clips/MidiClipView.cpp.o
[ 32%] Building CXX object src/CMakeFiles/lmmsobjs.dir/gui/clips/PatternClipView.cpp.o
[ 32%] Building CXX object src/CMakeFiles/lmmsobjs.dir/gui/clips/SampleClipView.cpp.o
[ 32%] Building CXX object src/CMakeFiles/lmmsobjs.dir/gui/editors/AutomationEditor.cpp.o
[ 33%] Building CXX object src/CMakeFiles/lmmsobjs.dir/gui/editors/Editor.cpp.o
[ 33%] Building CXX object src/CMakeFiles/lmmsobjs.dir/gui/editors/PatternEditor.cpp.o
[ 33%] Building CXX object src/CMakeFiles/lmmsobjs.dir/gui/editors/PianoRoll.cpp.o
[ 33%] Building CXX object src/CMakeFiles/lmmsobjs.dir/gui/editors/PositionLine.cpp.o
[ 33%] Building CXX object src/CMakeFiles/lmmsobjs.dir/gui/editors/SongEditor.cpp.o
[ 33%] Building CXX object src/CMakeFiles/lmmsobjs.dir/gui/editors/TimeLineWidget.cpp.o
[ 33%] Building CXX object src/CMakeFiles/lmmsobjs.dir/gui/editors/TrackContainerView.cpp.o
[ 33%] Building CXX object src/CMakeFiles/lmmsobjs.dir/gui/instrument/EnvelopeAndLfoView.cpp.o
[ 33%] Building CXX object src/CMakeFiles/lmmsobjs.dir/gui/instrument/EnvelopeGraph.cpp.o
[ 33%] Building CXX object src/CMakeFiles/lmmsobjs.dir/gui/instrument/InstrumentMidiIOView.cpp.o
[ 33%] Building CXX object src/CMakeFiles/lmmsobjs.dir/gui/instrument/InstrumentTuningView.cpp.o
[ 33%] Building CXX object src/CMakeFiles/lmmsobjs.dir/gui/instrument/InstrumentSoundShapingView.cpp.o
[ 33%] Building CXX object src/CMakeFiles/lmmsobjs.dir/gui/instrument/InstrumentTrackWindow.cpp.o
[ 33%] Building CXX object src/CMakeFiles/lmmsobjs.dir/gui/instrument/InstrumentView.cpp.o
[ 33%] Building CXX object src/CMakeFiles/lmmsobjs.dir/gui/instrument/LfoGraph.cpp.o
[ 33%] Building CXX object src/CMakeFiles/lmmsobjs.dir/gui/instrument/PianoView.cpp.o
[ 33%] Building CXX object src/CMakeFiles/lmmsobjs.dir/gui/menus/RecentProjectsMenu.cpp.o
[ 33%] Building CXX object src/CMakeFiles/lmmsobjs.dir/gui/menus/TemplatesMenu.cpp.o
[ 33%] Building CXX object src/CMakeFiles/lmmsobjs.dir/gui/modals/AboutDialog.cpp.o
[ 34%] Building CXX object src/CMakeFiles/lmmsobjs.dir/gui/modals/ControllerConnectionDialog.cpp.o
[ 34%] Building CXX object src/CMakeFiles/lmmsobjs.dir/gui/modals/EffectSelectDialog.cpp.o
[ 34%] Building CXX object src/CMakeFiles/lmmsobjs.dir/gui/modals/ExportProjectDialog.cpp.o
[ 34%] Building CXX object src/CMakeFiles/lmmsobjs.dir/gui/modals/FileDialog.cpp.o
[ 34%] Building CXX object src/CMakeFiles/lmmsobjs.dir/gui/modals/SetupDialog.cpp.o
[ 34%] Building CXX object src/CMakeFiles/lmmsobjs.dir/gui/modals/VersionedSaveDialog.cpp.o
[ 34%] Building CXX object src/CMakeFiles/lmmsobjs.dir/gui/tracks/AutomationTrackView.cpp.o
[ 34%] Building CXX object src/CMakeFiles/lmmsobjs.dir/gui/tracks/InstrumentTrackView.cpp.o
[ 34%] Building CXX object src/CMakeFiles/lmmsobjs.dir/gui/tracks/PatternTrackView.cpp.o
[ 34%] Building CXX object src/CMakeFiles/lmmsobjs.dir/gui/tracks/SampleTrackView.cpp.o
[ 34%] Building CXX object src/CMakeFiles/lmmsobjs.dir/gui/tracks/TrackContentWidget.cpp.o
[ 34%] Building CXX object src/CMakeFiles/lmmsobjs.dir/gui/tracks/TrackLabelButton.cpp.o
[ 34%] Building CXX object src/CMakeFiles/lmmsobjs.dir/gui/tracks/TrackOperationsWidget.cpp.o
[ 34%] Building CXX object src/CMakeFiles/lmmsobjs.dir/gui/tracks/TrackGrip.cpp.o
[ 34%] Building CXX object src/CMakeFiles/lmmsobjs.dir/gui/tracks/TrackView.cpp.o
[ 34%] Building CXX object src/CMakeFiles/lmmsobjs.dir/gui/widgets/AutomatableButton.cpp.o
[ 34%] Building CXX object src/CMakeFiles/lmmsobjs.dir/gui/widgets/CPULoadWidget.cpp.o
[ 34%] Building CXX object src/CMakeFiles/lmmsobjs.dir/gui/widgets/Fader.cpp.o
[ 34%] Building CXX object src/CMakeFiles/lmmsobjs.dir/gui/widgets/FloatModelEditorBase.cpp.o
[ 34%] Building CXX object src/CMakeFiles/lmmsobjs.dir/gui/widgets/Graph.cpp.o
[ 34%] Building CXX object src/CMakeFiles/lmmsobjs.dir/gui/widgets/Knob.cpp.o
[ 34%] Building CXX object src/CMakeFiles/lmmsobjs.dir/gui/widgets/LcdFloatSpinBox.cpp.o
[ 34%] Building CXX object src/CMakeFiles/lmmsobjs.dir/gui/widgets/LcdSpinBox.cpp.o
[ 34%] Building CXX object src/CMakeFiles/lmmsobjs.dir/gui/widgets/MixerChannelLcdSpinBox.cpp.o
[ 34%] Building CXX object src/CMakeFiles/lmmsobjs.dir/gui/widgets/Oscilloscope.cpp.o
[ 34%] Building CXX object src/CMakeFiles/lmmsobjs.dir/gui/widgets/PeakIndicator.cpp.o
[ 34%] Building CXX object src/CMakeFiles/lmmsobjs.dir/gui/widgets/SimpleTextFloat.cpp.o
[ 34%] Building CXX object src/CMakeFiles/lmmsobjs.dir/gui/widgets/TempoSyncBarModelEditor.cpp.o
[ 34%] Building CXX object src/CMakeFiles/lmmsobjs.dir/gui/widgets/TempoSyncKnob.cpp.o
[ 34%] Building CXX object src/CMakeFiles/lmmsobjs.dir/gui/widgets/TextFloat.cpp.o
[ 34%] Building CXX object src/CMakeFiles/lmmsobjs.dir/gui/widgets/TimeDisplayWidget.cpp.o
[ 34%] Building CXX object src/CMakeFiles/lmmsobjs.dir/gui/TelemetryConsentDialog.cpp.o
[ 34%] Building CXX object src/CMakeFiles/lmmsobjs.dir/tracks/InstrumentTrack.cpp.o
[ 34%] Building CXX object src/CMakeFiles/lmmsobjs.dir/tracks/MidiClip.cpp.o
[ 34%] Building CXX object src/CMakeFiles/lmmsobjs.dir/tracks/PatternTrack.cpp.o
[ 34%] Building CXX object src/CMakeFiles/lmmsobjs.dir/tracks/SampleTrack.cpp.o
[ 34%] Building CXX object src/CMakeFiles/lmmsobjs.dir/common/RemotePluginBase.cpp.o
[ 34%] Building CXX object src/CMakeFiles/lmmsobjs.dir/common/SharedMemory.cpp.o
[ 34%] Building CXX object src/CMakeFiles/lmmsobjs.dir/common/SystemSemaphore.cpp.o
[ 34%] Building CXX object src/CMakeFiles/lmmsobjs.dir/qrc_lmms.cpp.o
[ 39%] Built target lmmsobjs
[ 39%] Built target zene_autogen_timestamp_deps
[ 39%] Built target ArrayVectorTest_autogen_timestamp_deps
[ 39%] Built target AudioBusHandleTest_autogen_timestamp_deps
[ 39%] Built target AudioBufferTest_autogen_timestamp_deps
[ 39%] Built target AudioEngineTeardownTest_autogen_timestamp_deps
[ 39%] Built target AudioPortsModelTest_autogen_timestamp_deps
[ 39%] Built target AudioBusTest_autogen_timestamp_deps
[ 39%] Built target AudioPortsTest_autogen_timestamp_deps
[ 39%] Built target AutomatableModelTest_autogen_timestamp_deps
[ 39%] Built target ClipSerialisationTest_autogen_timestamp_deps
[ 39%] Built target AutomationModesTest_autogen_timestamp_deps
[ 39%] Built target ClipWarpPersistenceTest_autogen_timestamp_deps
[ 39%] Built target ConfigMigrationTest_autogen_timestamp_deps
[ 39%] Built target ControlAutomationScriptTest_autogen_timestamp_deps
[ 39%] Built target ControlEditCommandsTest_autogen_timestamp_deps
[ 39%] Built target ControlDeviceCatalogueTest_autogen_timestamp_deps
[ 39%] Built target ControlRegistryTest_autogen_timestamp_deps
[ 39%] Built target CrashReporterTest_autogen_timestamp_deps
[ 39%] Built target DataFileFormatTest_autogen_timestamp_deps
[ 39%] Built target DataFileSaveIntegrityTest_autogen_timestamp_deps
[ 39%] Built target LoudnessReportTest_autogen_timestamp_deps
[ 39%] Built target MasteringTest_autogen_timestamp_deps
[ 39%] Built target LufsMeterTest_autogen_timestamp_deps
[ 39%] Built target MathTest_autogen_timestamp_deps
[ 39%] Built target MidiLearnTest_autogen_timestamp_deps
[ 39%] Built target MidiLearnThreadTest_autogen_timestamp_deps
[ 39%] Built target MidiProbabilityPersistenceTest_autogen_timestamp_deps
[ 39%] Built target MixerAbRegressionTest_autogen_timestamp_deps
[ 39%] Built target MixerConcurrencyTest_autogen_timestamp_deps
[ 39%] Built target MixerRoutingBackwardCompatTest_autogen_timestamp_deps
[ 39%] Built target MpeExpressionTest_autogen_timestamp_deps
[ 39%] Built target MpeInputPathTest_autogen_timestamp_deps
[ 39%] Built target MpeNoteStorageTest_autogen_timestamp_deps
[ 39%] Built target MultiTrackRecorderTest_autogen_timestamp_deps
[ 39%] Built target NoteRandomTest_autogen_timestamp_deps
[ 39%] Built target NoteTransformTest_autogen_timestamp_deps
[ 39%] Built target PluginAudioPortsTest_autogen_timestamp_deps
[ 39%] Built target PhaseFChannelScaleTest_autogen_timestamp_deps
[ 39%] Built target PluginLogoResourceTest_autogen_timestamp_deps
[ 39%] Built target ProjectOpenIntegrityTest_autogen_timestamp_deps
[ 39%] Built target ProjectVersionTest_autogen_timestamp_deps
[ 39%] Built target ProjectRecoveryTest_autogen_timestamp_deps
[ 39%] Built target RackTest_autogen_timestamp_deps
[ 39%] Built target RecordClipTest_autogen_timestamp_deps
[ 39%] Built target RecordRingBufferTest_autogen_timestamp_deps
[ 39%] Built target RelativePathsTest_autogen_timestamp_deps
[ 39%] Built target RecordingRealtimeTest_autogen_timestamp_deps
[ 39%] Built target ReversibilityContractTest_autogen_timestamp_deps
[ 39%] Built target ReversibilityUndoTest_autogen_timestamp_deps
[ 39%] Built target RemotePluginAudioPortsTest_autogen_timestamp_deps
[ 39%] Built target RemotePluginClientE2ETest_autogen_timestamp_deps
[ 39%] Built target RenderJobQueueTest_autogen_timestamp_deps
[ 39%] Built target RoutingGraphTest_autogen_timestamp_deps
[ 39%] Built target RoutingGraphLiveTest_autogen_timestamp_deps
[ 39%] Built target PdcMixerTest_autogen_timestamp_deps
[ 39%] Built target VcaGroupTest_autogen_timestamp_deps
[ 39%] Built target ScriptEngineTest_autogen_timestamp_deps
[ 39%] Built target ScriptBindingsTest_autogen_timestamp_deps
[ 39%] Built target ScriptStabilisationTest_autogen_timestamp_deps
[ 39%] Built target SlideNotesTest_autogen_timestamp_deps
[ 39%] Built target StableTrackIdsTest_autogen_timestamp_deps
[ 39%] Built target TelemetryTest_autogen_timestamp_deps
[ 39%] Built target StemExportTest_autogen_timestamp_deps
[ 39%] Built target TimelineTest_autogen_timestamp_deps
[ 39%] Built target TwoTrackRecordingHarness_autogen_timestamp_deps
[ 39%] Built target WarpMarkersTest_autogen_timestamp_deps
[ 39%] Built target MidiLearnGuiTest_autogen_timestamp_deps
[ 39%] Built target AutomationTrackTest_autogen_timestamp_deps
[ 39%] Built target SampleClipWarpTest_autogen_timestamp_deps
[ 39%] Built target SampleClipWindowTest_autogen_timestamp_deps
[ 39%] Built target zene_autogen
[ 39%] Built target ArrayVectorTest_autogen
[ 39%] Automatic MOC for target AudioBufferTest
[ 39%] Automatic MOC for target AudioBusTest
[ 39%] Automatic MOC for target AudioBusHandleTest
[ 39%] Automatic MOC for target AudioEngineTeardownTest
[ 39%] Built target AudioBusTest_autogen
[ 39%] Built target AudioBufferTest_autogen
[ 39%] Automatic MOC for target AudioPortsModelTest
[ 39%] Automatic MOC for target AudioPortsTest
[ 39%] Built target AudioEngineTeardownTest_autogen
[ 39%] Built target AudioBusHandleTest_autogen
[ 39%] Automatic MOC for target AutomatableModelTest
[ 39%] Automatic MOC for target AutomationModesTest
[ 39%] Built target AudioPortsModelTest_autogen
[ 39%] Built target AudioPortsTest_autogen
[ 39%] Automatic MOC for target ClipSerialisationTest
[ 39%] Automatic MOC for target ClipWarpPersistenceTest
[ 39%] Built target AutomatableModelTest_autogen
[ 39%] Built target AutomationModesTest_autogen
[ 39%] Automatic MOC for target ConfigMigrationTest
[ 39%] Automatic MOC for target ControlAutomationScriptTest
[ 39%] Built target ClipSerialisationTest_autogen
[ 39%] Built target ClipWarpPersistenceTest_autogen
[ 39%] Automatic MOC for target ControlDeviceCatalogueTest
[ 39%] Automatic MOC for target ControlEditCommandsTest
[ 39%] Built target ConfigMigrationTest_autogen
[ 39%] Built target ControlAutomationScriptTest_autogen
[ 39%] Automatic MOC for target ControlRegistryTest
[ 40%] Automatic MOC for target CrashReporterTest
[ 40%] Built target ControlDeviceCatalogueTest_autogen
[ 40%] Built target ControlEditCommandsTest_autogen
[ 40%] Built target DataFileFormatTest_autogen
[ 40%] Automatic MOC for target DataFileSaveIntegrityTest
[ 40%] Built target ControlRegistryTest_autogen
[ 40%] Automatic MOC for target LoudnessReportTest
[ 40%] Built target CrashReporterTest_autogen
[ 40%] Automatic MOC for target LufsMeterTest
[ 40%] Automatic MOC for target MasteringTest
[ 40%] Built target DataFileSaveIntegrityTest_autogen
[ 40%] Built target LoudnessReportTest_autogen
[ 40%] Automatic MOC for target MathTest
[ 40%] Built target LufsMeterTest_autogen
[ 40%] Automatic MOC for target MidiLearnTest
[ 40%] Built target MasteringTest_autogen
[ 40%] Automatic MOC for target MidiLearnThreadTest
[ 40%] Built target MidiProbabilityPersistenceTest_autogen
[ 40%] Automatic MOC for target MixerAbRegressionTest
[ 40%] Built target MathTest_autogen
[ 40%] Automatic MOC for target MixerConcurrencyTest
[ 40%] Built target MidiLearnTest_autogen
[ 40%] Built target MidiLearnThreadTest_autogen
[ 40%] Automatic MOC for target MixerRoutingBackwardCompatTest
[ 40%] Automatic MOC for target MpeExpressionTest
[ 40%] Built target MixerAbRegressionTest_autogen
[ 40%] Automatic MOC for target MpeInputPathTest
[ 40%] Built target MixerConcurrencyTest_autogen
[ 40%] Built target MpeNoteStorageTest_autogen
[ 40%] Built target MpeExpressionTest_autogen
[ 40%] Built target MixerRoutingBackwardCompatTest_autogen
[ 40%] Automatic MOC for target MultiTrackRecorderTest
[ 40%] Built target NoteRandomTest_autogen
[ 40%] Built target NoteTransformTest_autogen
[ 40%] Built target MpeInputPathTest_autogen
[ 40%] Automatic MOC for target PhaseFChannelScaleTest
[ 40%] Automatic MOC for target PluginLogoResourceTest
[ 40%] Automatic MOC for target PluginAudioPortsTest
[ 40%] Built target PluginAudioPortsTest_autogen
[ 40%] Built target MultiTrackRecorderTest_autogen
[ 40%] Automatic MOC for target ProjectOpenIntegrityTest
[ 40%] Built target ProjectRecoveryTest_autogen
[ 40%] Built target PhaseFChannelScaleTest_autogen
[ 40%] Built target PluginLogoResourceTest_autogen
[ 40%] Automatic MOC for target ProjectVersionTest
[ 40%] Automatic MOC for target RackTest
[ 40%] Automatic MOC for target RecordClipTest
[ 40%] Built target ProjectOpenIntegrityTest_autogen
[ 40%] Built target RecordRingBufferTest_autogen
[ 40%] Built target RecordClipTest_autogen
[ 40%] Built target ProjectVersionTest_autogen
[ 40%] Built target RackTest_autogen
[ 40%] Automatic MOC for target ReversibilityContractTest
[ 40%] Automatic MOC for target ReversibilityUndoTest
[ 40%] Automatic MOC for target RecordingRealtimeTest
[ 40%] Automatic MOC for target RelativePathsTest
[ 40%] Built target ReversibilityUndoTest_autogen
[ 40%] Built target ReversibilityContractTest_autogen
[ 40%] Built target RecordingRealtimeTest_autogen
[ 40%] Built target RelativePathsTest_autogen
[ 40%] Automatic MOC for target RemotePluginAudioPortsTest
[ 40%] Automatic MOC for target RemotePluginClientE2ETest
[ 40%] Automatic MOC for target RoutingGraphLiveTest
[ 40%] Built target RenderJobQueueTest_autogen
[ 40%] Automatic MOC for target RoutingGraphTest
[ 40%] Built target RemotePluginClientE2ETest_autogen
[ 40%] Built target RemotePluginAudioPortsTest_autogen
[ 40%] Automatic MOC for target VcaGroupTest
[ 40%] Automatic MOC for target PdcMixerTest
[ 40%] Built target RoutingGraphTest_autogen
[ 40%] Built target RoutingGraphLiveTest_autogen
[ 40%] Automatic MOC for target ScriptBindingsTest
[ 40%] Automatic MOC for target ScriptEngineTest
[ 40%] Built target VcaGroupTest_autogen
[ 40%] Built target PdcMixerTest_autogen
[ 40%] Automatic MOC for target ScriptStabilisationTest
[ 40%] Automatic MOC for target SlideNotesTest
[ 40%] Built target ScriptBindingsTest_autogen
[ 40%] Built target ScriptEngineTest_autogen
[ 40%] Automatic MOC for target StableTrackIdsTest
[ 40%] Automatic MOC for target StemExportTest
[ 40%] Built target ScriptStabilisationTest_autogen
[ 40%] Automatic MOC for target TelemetryTest
[ 40%] Built target SlideNotesTest_autogen
[ 40%] Automatic MOC for target TimelineTest
[ 40%] Built target StableTrackIdsTest_autogen
[ 40%] Built target TwoTrackRecordingHarness_autogen
[ 40%] Built target WarpMarkersTest_autogen
[ 40%] Built target StemExportTest_autogen
[ 40%] Automatic MOC for target MidiLearnGuiTest
[ 40%] Automatic MOC for target AutomationTrackTest
[ 40%] Built target TelemetryTest_autogen
[ 40%] Automatic MOC for target SampleClipWarpTest
[ 40%] Built target TimelineTest_autogen
[ 41%] Automatic MOC for target SampleClipWindowTest
[ 41%] Built target MidiLearnGuiTest_autogen
[ 41%] Built target AutomationTrackTest_autogen
[ 41%] Building CXX object src/CMakeFiles/zene.dir/core/main.cpp.o
[ 41%] Linking CXX executable ArrayVectorTest
[ 41%] Built target SampleClipWarpTest_autogen
[ 41%] Building CXX object tests/CMakeFiles/AudioBufferTest.dir/src/core/AudioBufferTest.cpp.o
[ 41%] Linking CXX executable AudioBufferTest
[ 41%] Built target SampleClipWindowTest_autogen
[ 41%] Building CXX object tests/CMakeFiles/AudioBusHandleTest.dir/src/core/AudioBusHandleTest.cpp.o
[ 41%] Linking CXX executable AudioBusHandleTest
[ 41%] Built target ArrayVectorTest
[ 41%] Building CXX object tests/CMakeFiles/AudioBusTest.dir/src/core/AudioBusTest.cpp.o
[ 41%] Built target AudioBufferTest
[ 41%] Building CXX object tests/CMakeFiles/AudioEngineTeardownTest.dir/src/core/AudioEngineTeardownTest.cpp.o
[ 41%] Linking CXX executable AudioBusTest
[ 42%] Linking CXX executable AudioEngineTeardownTest
[ 42%] Built target AudioBusHandleTest
[ 42%] Building CXX object tests/CMakeFiles/AudioPortsModelTest.dir/src/core/AudioPortsModelTest.cpp.o
[ 42%] Linking CXX executable AudioPortsModelTest
[ 42%] Linking CXX executable ../zene
[ 42%] Built target AudioBusTest
[ 42%] Building CXX object tests/CMakeFiles/AudioPortsTest.dir/src/core/AudioPortsTest.cpp.o
[ 42%] Built target AudioEngineTeardownTest
[ 42%] Building CXX object tests/CMakeFiles/AutomatableModelTest.dir/src/core/AutomatableModelTest.cpp.o
[ 42%] Linking CXX executable AudioPortsTest
[ 42%] Linking CXX executable AutomatableModelTest
[ 42%] Built target AudioPortsModelTest
[ 43%] Building CXX object tests/CMakeFiles/AutomationModesTest.dir/src/core/AutomationModesTest.cpp.o
[ 44%] Built target zene
[ 44%] Building CXX object tests/CMakeFiles/ClipSerialisationTest.dir/src/core/ClipSerialisationTest.cpp.o
[ 44%] Built target AudioPortsTest
[ 44%] Built target AutomatableModelTest
[ 44%] Building CXX object tests/CMakeFiles/ClipWarpPersistenceTest.dir/src/core/ClipWarpPersistenceTest.cpp.o
[ 44%] Building CXX object tests/CMakeFiles/ConfigMigrationTest.dir/src/core/ConfigMigrationTest.cpp.o
[ 44%] Linking CXX executable AutomationModesTest
[ 44%] Linking CXX executable ConfigMigrationTest
[ 44%] Linking CXX executable ClipSerialisationTest
[ 44%] Linking CXX executable ClipWarpPersistenceTest
[ 44%] Built target AutomationModesTest
[ 44%] Building CXX object tests/CMakeFiles/ControlAutomationScriptTest.dir/src/core/ControlAutomationScriptTest.cpp.o
[ 44%] Linking CXX executable ControlAutomationScriptTest
[ 44%] Built target ConfigMigrationTest
[ 44%] Building CXX object tests/CMakeFiles/ControlDeviceCatalogueTest.dir/src/core/ControlDeviceCatalogueTest.cpp.o
[ 44%] Built target ClipSerialisationTest
[ 44%] Building CXX object tests/CMakeFiles/ControlEditCommandsTest.dir/src/core/ControlEditCommandsTest.cpp.o
[ 44%] Built target ClipWarpPersistenceTest
[ 44%] Building CXX object tests/CMakeFiles/ControlRegistryTest.dir/src/core/ControlRegistryTest.cpp.o
[ 44%] Linking CXX executable ControlDeviceCatalogueTest
[ 44%] Linking CXX executable ControlEditCommandsTest
[ 44%] Linking CXX executable ControlRegistryTest
[ 45%] Built target ControlAutomationScriptTest
[ 45%] Building CXX object tests/CMakeFiles/CrashReporterTest.dir/src/core/CrashReporterTest.cpp.o
[ 45%] Linking CXX executable CrashReporterTest
[ 45%] Built target ControlDeviceCatalogueTest
[ 45%] Linking CXX executable DataFileFormatTest
[ 45%] Built target ControlEditCommandsTest
[ 45%] Building CXX object tests/CMakeFiles/DataFileSaveIntegrityTest.dir/src/core/DataFileSaveIntegrityTest.cpp.o
[ 45%] Linking CXX executable DataFileSaveIntegrityTest
[ 45%] Built target ControlRegistryTest
[ 45%] Building CXX object tests/CMakeFiles/LoudnessReportTest.dir/src/core/LoudnessReportTest.cpp.o
[ 45%] Linking CXX executable LoudnessReportTest
[ 45%] Built target CrashReporterTest
[ 46%] Building CXX object tests/CMakeFiles/LufsMeterTest.dir/src/core/LufsMeterTest.cpp.o
[ 46%] Built target DataFileFormatTest
[ 46%] Building CXX object tests/CMakeFiles/MasteringTest.dir/src/core/MasteringTest.cpp.o
[ 46%] Built target DataFileSaveIntegrityTest
[ 46%] Building CXX object tests/CMakeFiles/MathTest.dir/src/core/MathTest.cpp.o
[ 46%] Linking CXX executable MathTest
[ 46%] Built target LoudnessReportTest
[ 46%] Building CXX object tests/CMakeFiles/MidiLearnTest.dir/src/core/MidiLearnTest.cpp.o
[ 46%] Built target MathTest
[ 46%] Building CXX object tests/CMakeFiles/MidiLearnThreadTest.dir/src/core/MidiLearnThreadTest.cpp.o
[ 46%] Linking CXX executable LufsMeterTest
[ 46%] Linking CXX executable MidiLearnTest
[ 46%] Linking CXX executable MasteringTest
[ 46%] Built target LufsMeterTest
[ 46%] Linking CXX executable MidiLearnThreadTest
[ 46%] Linking CXX executable MidiProbabilityPersistenceTest
[ 46%] Built target MidiLearnTest
[ 46%] Building CXX object tests/CMakeFiles/MixerAbRegressionTest.dir/src/core/MixerAbRegressionTest.cpp.o
[ 46%] Built target MasteringTest
[ 46%] Building CXX object tests/CMakeFiles/MixerConcurrencyTest.dir/src/core/MixerConcurrencyTest.cpp.o
[ 46%] Linking CXX executable MixerAbRegressionTest
[ 46%] Linking CXX executable MixerConcurrencyTest
[ 46%] Built target MidiProbabilityPersistenceTest
[ 46%] Building CXX object tests/CMakeFiles/MixerRoutingBackwardCompatTest.dir/src/core/MixerRoutingBackwardCompatTest.cpp.o
[ 47%] Built target MidiLearnThreadTest
[ 47%] Building CXX object tests/CMakeFiles/MpeExpressionTest.dir/src/core/MpeExpressionTest.cpp.o
[ 47%] Linking CXX executable MixerRoutingBackwardCompatTest
[ 47%] Linking CXX executable MpeExpressionTest
[ 47%] Built target MixerAbRegressionTest
[ 47%] Building CXX object tests/CMakeFiles/MpeInputPathTest.dir/src/core/MpeInputPathTest.cpp.o
[ 47%] Built target MixerConcurrencyTest
[ 47%] Linking CXX executable MpeNoteStorageTest
[ 47%] Built target MixerRoutingBackwardCompatTest
[ 48%] Built target MpeExpressionTest
[ 48%] Building CXX object tests/CMakeFiles/MultiTrackRecorderTest.dir/src/core/MultiTrackRecorderTest.cpp.o
[ 48%] Linking CXX executable NoteRandomTest
[ 48%] Built target MpeNoteStorageTest
[ 48%] Linking CXX executable NoteTransformTest
[ 48%] Linking CXX executable MultiTrackRecorderTest
[ 48%] Built target NoteRandomTest
[ 48%] Building CXX object tests/CMakeFiles/PhaseFChannelScaleTest.dir/src/core/PhaseFChannelScaleTest.cpp.o
[ 48%] Built target NoteTransformTest
[ 48%] Built target MultiTrackRecorderTest
[ 48%] Building CXX object tests/CMakeFiles/PluginLogoResourceTest.dir/src/core/PluginLogoResourceTest.cpp.o
[ 48%] Building CXX object tests/CMakeFiles/PluginAudioPortsTest.dir/src/core/PluginAudioPortsTest.cpp.o
[ 48%] Linking CXX executable PluginLogoResourceTest
[ 48%] Linking CXX executable PhaseFChannelScaleTest
[ 48%] Linking CXX executable MpeInputPathTest
[ 48%] Linking CXX executable PluginAudioPortsTest
[ 48%] Built target PluginLogoResourceTest
[ 49%] Built target PhaseFChannelScaleTest
[ 49%] Building CXX object tests/CMakeFiles/ProjectOpenIntegrityTest.dir/src/core/ProjectOpenIntegrityTest.cpp.o
[ 49%] Linking CXX executable ProjectRecoveryTest
[ 49%] Built target MpeInputPathTest
[ 49%] Building CXX object tests/CMakeFiles/ProjectVersionTest.dir/src/core/ProjectVersionTest.cpp.o
[ 49%] Built target PluginAudioPortsTest
[ 49%] Linking CXX executable ProjectVersionTest
[ 50%] Building CXX object tests/CMakeFiles/RackTest.dir/src/core/RackTest.cpp.o
[ 50%] Linking CXX executable RackTest
[ 50%] Built target ProjectRecoveryTest
[ 50%] Building CXX object tests/CMakeFiles/RecordClipTest.dir/src/core/RecordClipTest.cpp.o
[ 50%] Linking CXX executable RecordClipTest
[ 50%] Built target ProjectVersionTest
[ 50%] Linking CXX executable RecordRingBufferTest
[ 50%] Built target RackTest
[ 50%] Building CXX object tests/CMakeFiles/RecordingRealtimeTest.dir/src/core/RecordingRealtimeTest.cpp.o
[ 50%] Linking CXX executable RecordingRealtimeTest
[ 50%] Built target RecordClipTest
[ 50%] Building CXX object tests/CMakeFiles/RelativePathsTest.dir/src/core/RelativePathsTest.cpp.o
[ 50%] Linking CXX executable RelativePathsTest
[ 50%] Built target RecordRingBufferTest
[ 50%] Building CXX object tests/CMakeFiles/ReversibilityContractTest.dir/src/core/ReversibilityContractTest.cpp.o
[ 50%] Linking CXX executable ProjectOpenIntegrityTest
[ 50%] Linking CXX executable ReversibilityContractTest
[ 50%] Built target RecordingRealtimeTest
[ 50%] Building CXX object tests/CMakeFiles/ReversibilityUndoTest.dir/src/core/ReversibilityUndoTest.cpp.o
[ 50%] Linking CXX executable ReversibilityUndoTest
[ 50%] Built target RelativePathsTest
[ 50%] Building CXX object tests/CMakeFiles/RemotePluginAudioPortsTest.dir/src/core/RemotePluginAudioPortsTest.cpp.o
[ 50%] Linking CXX executable RemotePluginAudioPortsTest
[ 50%] Built target ProjectOpenIntegrityTest
[ 50%] Building CXX object tests/CMakeFiles/RemotePluginClientE2ETest.dir/src/core/RemotePluginClientE2ETest.cpp.o
[ 50%] Built target ReversibilityContractTest
[ 50%] Linking CXX executable RenderJobQueueTest
[ 51%] Built target ReversibilityUndoTest
[ 51%] Building CXX object tests/CMakeFiles/RoutingGraphLiveTest.dir/src/core/RoutingGraphLiveTest.cpp.o
[ 51%] Linking CXX executable RoutingGraphLiveTest
[ 52%] Built target RemotePluginAudioPortsTest
[ 52%] Building CXX object tests/CMakeFiles/RoutingGraphTest.dir/src/core/RoutingGraphTest.cpp.o
[ 52%] Linking CXX executable RoutingGraphTest
[ 52%] Built target RenderJobQueueTest
[ 52%] Building CXX object tests/CMakeFiles/PdcMixerTest.dir/src/core/PdcMixerTest.cpp.o
[ 52%] Linking CXX executable PdcMixerTest
[ 52%] Built target RoutingGraphLiveTest
[ 52%] Built target RoutingGraphTest
[ 53%] Building CXX object tests/CMakeFiles/VcaGroupTest.dir/src/core/VcaGroupTest.cpp.o
[ 53%] Building CXX object tests/CMakeFiles/ScriptBindingsTest.dir/src/core/ScriptBindingsTest.cpp.o
[ 53%] Linking CXX executable VcaGroupTest
[ 53%] Built target PdcMixerTest
[ 53%] Building CXX object tests/CMakeFiles/ScriptEngineTest.dir/src/core/ScriptEngineTest.cpp.o
[ 53%] Linking CXX executable RemotePluginClientE2ETest
[ 53%] Built target VcaGroupTest
[ 53%] Building CXX object tests/CMakeFiles/ScriptStabilisationTest.dir/src/core/ScriptStabilisationTest.cpp.o
[ 53%] Built target RemotePluginClientE2ETest
[ 53%] Building CXX object tests/CMakeFiles/SlideNotesTest.dir/src/core/SlideNotesTest.cpp.o
[ 53%] Linking CXX executable SlideNotesTest
[ 53%] Linking CXX executable ScriptBindingsTest
[ 53%] Built target SlideNotesTest
[ 53%] Building CXX object tests/CMakeFiles/StableTrackIdsTest.dir/src/core/StableTrackIdsTest.cpp.o
[ 53%] Linking CXX executable ScriptEngineTest
[ 53%] Built target ScriptBindingsTest
[ 53%] Building CXX object tests/CMakeFiles/StemExportTest.dir/src/core/StemExportTest.cpp.o
[ 53%] Linking CXX executable ScriptStabilisationTest
[ 53%] Built target ScriptEngineTest
[ 53%] Building CXX object tests/CMakeFiles/TelemetryTest.dir/src/core/TelemetryTest.cpp.o
[ 53%] Linking CXX executable TelemetryTest
[ 53%] Built target ScriptStabilisationTest
[ 53%] Building CXX object tests/CMakeFiles/TimelineTest.dir/src/core/TimelineTest.cpp.o
[ 53%] Built target TelemetryTest
[ 53%] Building CXX object tests/CMakeFiles/TwoTrackRecordingHarness.dir/src/core/TwoTrackRecordingHarness.cpp.o
[ 53%] Linking CXX executable TwoTrackRecordingHarness
[ 54%] Linking CXX executable StableTrackIdsTest
[ 54%] Built target TwoTrackRecordingHarness
[ 54%] Linking CXX executable WarpMarkersTest
[ 54%] Linking CXX executable StemExportTest
[ 54%] Built target StableTrackIdsTest
[ 54%] Building CXX object tests/CMakeFiles/MidiLearnGuiTest.dir/src/gui/MidiLearnGuiTest.cpp.o
[ 54%] Linking CXX executable TimelineTest
[ 54%] Built target WarpMarkersTest
[ 54%] Building CXX object tests/CMakeFiles/AutomationTrackTest.dir/src/tracks/AutomationTrackTest.cpp.o
[ 54%] Built target StemExportTest
[ 54%] Building CXX object tests/CMakeFiles/SampleClipWarpTest.dir/src/tracks/SampleClipWarpTest.cpp.o
[ 54%] Built target TimelineTest
[ 54%] Building CXX object tests/CMakeFiles/SampleClipWindowTest.dir/src/tracks/SampleClipWindowTest.cpp.o
[ 54%] Linking CXX executable MidiLearnGuiTest
[ 54%] Linking CXX executable AutomationTrackTest
[ 54%] Linking CXX executable SampleClipWarpTest
[ 54%] Built target MidiLearnGuiTest
[ 54%] Built target partc_ref_amplifier_autogen_timestamp_deps
[ 54%] Built target partc_ref_bassbooster_autogen_timestamp_deps
[ 54%] Built target partc_ref_bitcrush_autogen_timestamp_deps
[ 54%] Built target partc_ref_dualfilter_autogen_timestamp_deps
[ 54%] Built target partc_ref_waveshaper_autogen_timestamp_deps
[ 54%] Built target partc_ref_flanger_autogen_timestamp_deps
[ 54%] Built target partc_ref_delay_autogen_timestamp_deps
[ 54%] Built target partc_ref_compressor_autogen_timestamp_deps
[ 54%] Built target partc_ref_crossovereq_autogen_timestamp_deps
[ 54%] Built target partc_ref_dynamicsprocessor_autogen_timestamp_deps
[ 54%] Built target partc_ref_lomm_autogen_timestamp_deps
[ 54%] Built target partc_ref_multitapecho_autogen_timestamp_deps
[ 54%] Built target partc_ref_reverbsc_autogen_timestamp_deps
[ 54%] Built target partc_ref_stereoenhancer_autogen_timestamp_deps
[ 54%] Built target partc_ref_stereomatrix_autogen_timestamp_deps
[ 54%] Built target partc_ref_dispersion_autogen_timestamp_deps
[ 54%] Built target partc_ref_vectorscope_autogen_timestamp_deps
[ 54%] Built target partc_ref_analyzer_autogen_timestamp_deps
[ 54%] Built target partc_ref_granularpitchshifter_autogen_timestamp_deps
[ 54%] Built target partc_ref_eq_autogen_timestamp_deps
[ 54%] Built target partc_ref_freeboy_autogen_timestamp_deps
[ 54%] Built target partc_ref_nes_autogen_timestamp_deps
[ 54%] Built target partc_ref_sid_autogen_timestamp_deps
[ 54%] Built target partc_ref_opulenz_autogen_timestamp_deps
[ 54%] Built target partc_ref_sfxr_autogen_timestamp_deps
[ 54%] Built target partc_ref_bitinvader_autogen_timestamp_deps
[ 54%] Built target partc_ref_watsyn_autogen_timestamp_deps
[ 54%] Built target partc_ref_xpressive_autogen_timestamp_deps
[ 54%] Built target partc_ref_vibedstrings_autogen_timestamp_deps
[ 54%] Built target partc_ref_kicker_autogen_timestamp_deps
[ 54%] Built target partc_ref_tripleoscillator_autogen_timestamp_deps
[ 54%] Built target partc_ref_monstro_autogen_timestamp_deps
[ 54%] Built target partc_ref_organic_autogen_timestamp_deps
[ 54%] Built target partc_ref_audiofileprocessor_autogen_timestamp_deps
[ 54%] Built target partc_ref_lb302_autogen_timestamp_deps
[ 54%] Built target partc_ref_ladspaeffect_autogen_timestamp_deps
[ 54%] Linking CXX executable SampleClipWindowTest
[ 54%] Built target partc_ref_frequencyshifter_autogen_timestamp_deps
[ 54%] Built target partc_ref_oscilloscope_autogen_timestamp_deps
[ 54%] Built target partc_ref_slewdistortion_autogen_timestamp_deps
[ 54%] Built target partc_ref_lv2effect_autogen_timestamp_deps
[ 54%] Built target partc_ref_lv2instrument_autogen_timestamp_deps
[ 54%] Built target partc_ref_sf2player_autogen_timestamp_deps
[ 54%] Built target partc_ref_gigplayer_autogen_timestamp_deps
[ 54%] Built target synthetic_audio_plugin_autogen_timestamp_deps
[ 55%] Building CXX object plugins/AudioFileProcessor/CMakeFiles/audiofileprocessor.dir/AudioFileProcessor.cpp.o
[ 55%] Built target AutomationTrackTest
[ 55%] Building CXX object plugins/AudioFileProcessor/CMakeFiles/audiofileprocessor.dir/AudioFileProcessorView.cpp.o
[ 55%] Built target SampleClipWarpTest
[ 55%] Building CXX object plugins/AudioFileProcessor/CMakeFiles/audiofileprocessor.dir/AudioFileProcessorWaveView.cpp.o
[ 55%] Building CXX object plugins/AudioFileProcessor/CMakeFiles/audiofileprocessor.dir/moc_AudioFileProcessor.cpp.o
[ 55%] Building CXX object plugins/AudioFileProcessor/CMakeFiles/audiofileprocessor.dir/moc_AudioFileProcessorWaveView.cpp.o
[ 55%] Built target SampleClipWindowTest
[ 55%] Building CXX object plugins/Kicker/CMakeFiles/kicker.dir/Kicker.cpp.o
[ 55%] Building CXX object plugins/TripleOscillator/CMakeFiles/tripleoscillator.dir/TripleOscillator.cpp.o
[ 55%] Linking CXX shared module ../libkicker.so
[ 55%] Built target kicker
[ 55%] Building CXX object plugins/Amplifier/CMakeFiles/amplifier.dir/Amplifier.cpp.o
[ 55%] Building CXX object plugins/Amplifier/CMakeFiles/amplifier.dir/AmplifierControls.cpp.o
[ 55%] Building CXX object plugins/Amplifier/CMakeFiles/amplifier.dir/AmplifierControlDialog.cpp.o
[ 55%] Building CXX object plugins/Amplifier/CMakeFiles/amplifier.dir/moc_AmplifierControls.cpp.o
[ 55%] Building CXX object plugins/BassBooster/CMakeFiles/bassbooster.dir/BassBooster.cpp.o
[ 55%] Linking CXX shared module ../libamplifier.so
[ 55%] Building CXX object plugins/BassBooster/CMakeFiles/bassbooster.dir/BassBoosterControls.cpp.o
[ 55%] Linking CXX shared module ../libaudiofileprocessor.so
[ 55%] Building CXX object plugins/BassBooster/CMakeFiles/bassbooster.dir/BassBoosterControlDialog.cpp.o
[ 55%] Built target amplifier
[ 55%] Building CXX object plugins/BitInvader/CMakeFiles/bitinvader.dir/BitInvader.cpp.o
[ 55%] Built target audiofileprocessor
[ 55%] Building CXX object plugins/Bitcrush/CMakeFiles/bitcrush.dir/Bitcrush.cpp.o
[ 55%] Building CXX object plugins/BassBooster/CMakeFiles/bassbooster.dir/moc_BassBoosterControls.cpp.o
[ 55%] Building CXX object plugins/Bitcrush/CMakeFiles/bitcrush.dir/BitcrushControls.cpp.o
[ 56%] Linking CXX shared module ../libbassbooster.so
[ 56%] Building CXX object plugins/Bitcrush/CMakeFiles/bitcrush.dir/BitcrushControlDialog.cpp.o
[ 56%] Built target bassbooster
[ 56%] Building CXX object plugins/CarlaBase/CMakeFiles/carlabase.dir/Carla.cpp.o
[ 56%] Building CXX object plugins/Bitcrush/CMakeFiles/bitcrush.dir/moc_BitcrushControls.cpp.o
[ 56%] Linking CXX shared module ../libbitcrush.so
[ 56%] Built target bitcrush
[ 56%] Building CXX object plugins/ClapEffect/CMakeFiles/clapeffect.dir/ClapBusMap.cpp.o
[ 56%] Building CXX object plugins/ClapEffect/CMakeFiles/clapeffect.dir/ClapEffect.cpp.o
[ 56%] Building CXX object plugins/TripleOscillator/CMakeFiles/tripleoscillator.dir/moc_TripleOscillator.cpp.o
[ 56%] Linking CXX shared module ../libtripleoscillator.so
[ 56%] Built target tripleoscillator
[ 56%] Building CXX object plugins/ClapEffect/CMakeFiles/clapeffect.dir/ClapEffectControlDialog.cpp.o
[ 56%] Building CXX object plugins/ClapEffect/CMakeFiles/clapeffect.dir/ClapEffectControls.cpp.o
[ 56%] Linking CXX shared module ../libbitinvader.so
[ 56%] Building CXX object plugins/ClapEffect/CMakeFiles/clapeffect.dir/ClapSubPluginFeatures.cpp.o
[ 56%] Building CXX object plugins/ClapEffect/CMakeFiles/clapeffect.dir/moc_ClapEffectControls.cpp.o
[ 56%] Built target bitinvader
[ 56%] Building CXX object plugins/Compressor/CMakeFiles/compressor.dir/Compressor.cpp.o
[ 56%] Building CXX object plugins/Compressor/CMakeFiles/compressor.dir/CompressorControls.cpp.o
[ 56%] Building CXX object plugins/Compressor/CMakeFiles/compressor.dir/CompressorControlDialog.cpp.o
[ 56%] Building CXX object plugins/Compressor/CMakeFiles/compressor.dir/moc_Compressor.cpp.o
[ 56%] Building CXX object plugins/Compressor/CMakeFiles/compressor.dir/moc_CompressorControls.cpp.o
[ 56%] Building CXX object plugins/Compressor/CMakeFiles/compressor.dir/__/Eq/moc_EqFader.cpp.o
[ 56%] Building CXX object plugins/CrossoverEQ/CMakeFiles/crossovereq.dir/CrossoverEQ.cpp.o
[ 56%] Linking CXX shared module ../libcompressor.so
[ 57%] Building CXX object plugins/CrossoverEQ/CMakeFiles/crossovereq.dir/CrossoverEQControls.cpp.o
[ 58%] Built target compressor
[ 58%] Building CXX object plugins/CrossoverEQ/CMakeFiles/crossovereq.dir/CrossoverEQControlDialog.cpp.o
[ 58%] Linking CXX shared module ../libclapeffect.so
[ 58%] Building CXX object plugins/CrossoverEQ/CMakeFiles/crossovereq.dir/moc_CrossoverEQControls.cpp.o
[ 58%] Linking CXX shared library ../libcarlabase.so
[ 58%] Building CXX object plugins/Delay/CMakeFiles/delay.dir/DelayEffect.cpp.o
[ 58%] Linking CXX shared module ../libcrossovereq.so
[ 59%] Built target clapeffect
[ 59%] Building CXX object plugins/Delay/CMakeFiles/delay.dir/DelayControls.cpp.o
[ 59%] Building CXX object plugins/Delay/CMakeFiles/delay.dir/DelayControlsDialog.cpp.o
[ 59%] Built target carlabase
[ 59%] Building CXX object plugins/Delay/CMakeFiles/delay.dir/StereoDelay.cpp.o
[ 59%] Building CXX object plugins/Delay/CMakeFiles/delay.dir/moc_DelayControls.cpp.o
[ 59%] Building CXX object plugins/Delay/CMakeFiles/delay.dir/__/Eq/moc_EqFader.cpp.o
[ 59%] Built target crossovereq
[ 59%] Building CXX object plugins/Dispersion/CMakeFiles/dispersion.dir/Dispersion.cpp.o
[ 59%] Building CXX object plugins/DualFilter/CMakeFiles/dualfilter.dir/DualFilter.cpp.o
[ 59%] Building CXX object plugins/DynamicsProcessor/CMakeFiles/dynamicsprocessor.dir/DynamicsProcessor.cpp.o
[ 59%] Linking CXX shared module ../libdelay.so
[ 59%] Building CXX object plugins/Dispersion/CMakeFiles/dispersion.dir/DispersionControls.cpp.o
[ 59%] Building CXX object plugins/DualFilter/CMakeFiles/dualfilter.dir/DualFilterControls.cpp.o
[ 59%] Building CXX object plugins/DynamicsProcessor/CMakeFiles/dynamicsprocessor.dir/DynamicsProcessorControls.cpp.o
[ 59%] Building CXX object plugins/Dispersion/CMakeFiles/dispersion.dir/DispersionControlDialog.cpp.o
[ 60%] Built target delay
[ 60%] Building CXX object plugins/Dispersion/CMakeFiles/dispersion.dir/moc_DispersionControls.cpp.o
[ 60%] Building CXX object plugins/DualFilter/CMakeFiles/dualfilter.dir/DualFilterControlDialog.cpp.o
[ 61%] Building CXX object plugins/DualFilter/CMakeFiles/dualfilter.dir/moc_DualFilterControls.cpp.o
[ 61%] Linking CXX shared module ../libdispersion.so
[ 61%] Building CXX object plugins/DynamicsProcessor/CMakeFiles/dynamicsprocessor.dir/DynamicsProcessorControlDialog.cpp.o
[ 61%] Linking CXX shared module ../libdualfilter.so
[ 62%] Built target dispersion
[ 62%] Building CXX object plugins/DynamicsProcessor/CMakeFiles/dynamicsprocessor.dir/moc_DynamicsProcessorControls.cpp.o
[ 62%] Building CXX object plugins/Eq/CMakeFiles/eq.dir/EqEffect.cpp.o
[ 62%] Building CXX object plugins/Flanger/CMakeFiles/flanger.dir/FlangerEffect.cpp.o
[ 62%] Built target dualfilter
[ 62%] Building CXX object plugins/Flanger/CMakeFiles/flanger.dir/FlangerControls.cpp.o
[ 62%] Building CXX object plugins/Eq/CMakeFiles/eq.dir/EqCurve.cpp.o
[ 62%] Building CXX object plugins/FrequencyShifter/CMakeFiles/frequencyshifter.dir/FrequencyShifterEffect.cpp.o
[ 62%] Building CXX object plugins/Eq/CMakeFiles/eq.dir/EqControls.cpp.o
[ 62%] Building CXX object plugins/Eq/CMakeFiles/eq.dir/EqControlsDialog.cpp.o
[ 62%] Building CXX object plugins/FrequencyShifter/CMakeFiles/frequencyshifter.dir/FrequencyShifterControls.cpp.o
[ 62%] Building CXX object plugins/Eq/CMakeFiles/eq.dir/EqSpectrumView.cpp.o
[ 62%] Building CXX object plugins/FrequencyShifter/CMakeFiles/frequencyshifter.dir/FrequencyShifterControlDialog.cpp.o
[ 62%] Building CXX object plugins/Eq/CMakeFiles/eq.dir/moc_EqControls.cpp.o
[ 62%] Building CXX object plugins/FrequencyShifter/CMakeFiles/frequencyshifter.dir/moc_FrequencyShifterEffect.cpp.o
[ 62%] Building CXX object plugins/Eq/CMakeFiles/eq.dir/moc_EqFader.cpp.o
[ 62%] Building CXX object plugins/FrequencyShifter/CMakeFiles/frequencyshifter.dir/moc_FrequencyShifterControls.cpp.o
[ 62%] Linking CXX shared module ../libdynamicsprocessor.so
[ 62%] Building CXX object plugins/Eq/CMakeFiles/eq.dir/moc_EqSpectrumView.cpp.o
[ 62%] Linking CXX shared module ../libeq.so
[ 62%] Linking CXX shared module ../libfrequencyshifter.so
[ 62%] Built target dynamicsprocessor
[ 62%] Building CXX object plugins/GranularPitchShifter/CMakeFiles/granularpitchshifter.dir/GranularPitchShifterEffect.cpp.o
[ 63%] Built target eq
[ 63%] Building CXX object plugins/GranularPitchShifter/CMakeFiles/granularpitchshifter.dir/GranularPitchShifterControls.cpp.o
[ 63%] Built target frequencyshifter
[ 63%] Building CXX object plugins/HydrogenImport/CMakeFiles/hydrogenimport.dir/HydrogenImport.cpp.o
[ 63%] Building CXX object plugins/GranularPitchShifter/CMakeFiles/granularpitchshifter.dir/GranularPitchShifterControlDialog.cpp.o
[ 63%] Building CXX object plugins/Flanger/CMakeFiles/flanger.dir/FlangerControlsDialog.cpp.o
[ 63%] Building CXX object plugins/GranularPitchShifter/CMakeFiles/granularpitchshifter.dir/moc_GranularPitchShifterControls.cpp.o
[ 63%] Building CXX object plugins/Flanger/CMakeFiles/flanger.dir/moc_FlangerControls.cpp.o
[ 63%] Building CXX object plugins/LadspaBrowser/CMakeFiles/ladspabrowser.dir/LadspaDescription.cpp.o
[ 63%] Linking CXX shared module ../libgranularpitchshifter.so
[ 63%] Linking CXX shared module ../libflanger.so
[ 63%] Building CXX object plugins/LadspaBrowser/CMakeFiles/ladspabrowser.dir/LadspaPortDialog.cpp.o
[ 63%] Built target granularpitchshifter
[ 63%] Building CXX object plugins/LadspaEffect/CMakeFiles/ladspaeffect.dir/LadspaEffect.cpp.o
[ 64%] Built target flanger
[ 64%] Building CXX object plugins/LadspaEffect/CMakeFiles/ladspaeffect.dir/LadspaControls.cpp.o
[ 64%] Linking CXX shared module ../libladspabrowser.so
[ 64%] Building CXX object plugins/LadspaEffect/CMakeFiles/ladspaeffect.dir/LadspaControlDialog.cpp.o
[ 64%] Built target ladspabrowser
[ 64%] Building CXX object plugins/LadspaEffect/CMakeFiles/ladspaeffect.dir/LadspaMatrixControlDialog.cpp.o
[ 64%] Building CXX object plugins/LadspaEffect/CMakeFiles/ladspaeffect.dir/LadspaSubPluginFeatures.cpp.o
[ 64%] Building CXX object plugins/LadspaEffect/CMakeFiles/ladspaeffect.dir/moc_LadspaEffect.cpp.o
[ 64%] Building CXX object plugins/LadspaEffect/CMakeFiles/ladspaeffect.dir/moc_LadspaControls.cpp.o
[ 64%] Building CXX object plugins/LOMM/CMakeFiles/lomm.dir/LOMM.cpp.o
[ 64%] Building CXX object plugins/Lv2Effect/CMakeFiles/lv2effect.dir/Lv2Effect.cpp.o
[ 64%] Building CXX object plugins/Lv2Effect/CMakeFiles/lv2effect.dir/Lv2FxControls.cpp.o
[ 64%] Building CXX object plugins/LOMM/CMakeFiles/lomm.dir/LOMMControls.cpp.o
[ 65%] Building CXX object plugins/Lv2Effect/CMakeFiles/lv2effect.dir/Lv2FxControlDialog.cpp.o
[ 65%] Building CXX object plugins/LOMM/CMakeFiles/lomm.dir/LOMMControlDialog.cpp.o
[ 65%] Building CXX object plugins/Lv2Effect/CMakeFiles/lv2effect.dir/moc_Lv2Effect.cpp.o
[ 65%] Building CXX object plugins/LOMM/CMakeFiles/lomm.dir/moc_LOMM.cpp.o
[ 65%] Building CXX object plugins/Lv2Effect/CMakeFiles/lv2effect.dir/moc_Lv2FxControls.cpp.o
[ 65%] Building CXX object plugins/LOMM/CMakeFiles/lomm.dir/moc_LOMMControls.cpp.o
[ 65%] Building CXX object plugins/Lv2Effect/CMakeFiles/lv2effect.dir/moc_Lv2FxControlDialog.cpp.o
[ 65%] Linking CXX shared module ../liblv2effect.so
[ 65%] Linking CXX shared module ../libhydrogenimport.so
[ 66%] Linking CXX shared module ../liblomm.so
[ 66%] Built target hydrogenimport
[ 66%] Building CXX object plugins/Lv2Instrument/CMakeFiles/lv2instrument.dir/Lv2Instrument.cpp.o
[ 66%] Built target lv2effect
[ 66%] Building CXX object plugins/Lb302/CMakeFiles/lb302.dir/Lb302.cpp.o
[ 66%] Built target lomm
[ 66%] Building CXX object plugins/Lb302/CMakeFiles/lb302.dir/moc_Lb302.cpp.o
[ 66%] Building CXX object plugins/Lv2Instrument/CMakeFiles/lv2instrument.dir/moc_Lv2Instrument.cpp.o
[ 66%] Linking CXX shared module ../liblv2instrument.so
[ 66%] Building CXX object plugins/MidiImport/CMakeFiles/midiimport.dir/MidiImport.cpp.o
[ 66%] Built target lv2instrument
[ 66%] Linking CXX shared module ../liblb302.so
[ 66%] Building CXX object plugins/MidiExport/CMakeFiles/midiexport.dir/MidiExport.cpp.o
[ 66%] Linking CXX shared module ../libmidiexport.so
[ 67%] Built target lb302
[ 67%] Building CXX object plugins/MultitapEcho/CMakeFiles/multitapecho.dir/MultitapEcho.cpp.o
[ 67%] Built target midiexport
[ 67%] Building CXX object plugins/Monstro/CMakeFiles/monstro.dir/Monstro.cpp.o
[ 67%] Building CXX object plugins/MultitapEcho/CMakeFiles/multitapecho.dir/MultitapEchoControls.cpp.o
[ 67%] Building CXX object plugins/Monstro/CMakeFiles/monstro.dir/moc_Monstro.cpp.o
[ 67%] Linking CXX shared module ../libladspaeffect.so
[ 67%] Building CXX object plugins/MultitapEcho/CMakeFiles/multitapecho.dir/MultitapEchoControlDialog.cpp.o
[ 67%] Linking CXX shared module ../libmonstro.so
[ 68%] Built target ladspaeffect
[ 68%] Building CXX object plugins/MultitapEcho/CMakeFiles/multitapecho.dir/moc_MultitapEchoControls.cpp.o
[ 68%] Building CXX object plugins/Nes/CMakeFiles/nes.dir/Nes.cpp.o
[ 68%] Built target monstro
[ 68%] Building CXX object plugins/NeuralAmp/CMakeFiles/neuralamp.dir/NeuralAmpEffect.cpp.o
[ 68%] Linking CXX shared module ../libmultitapecho.so
[ 68%] Linking CXX shared module ../libnes.so
[ 68%] Building CXX object plugins/NeuralAmp/CMakeFiles/neuralamp.dir/NeuralAmpControls.cpp.o
[ 69%] Built target multitapecho
[ 70%] Built target nes
[ 70%] Building CXX object plugins/OpulenZ/CMakeFiles/opulenz.dir/OpulenZ.cpp.o
[ 70%] Building CXX object plugins/Organic/CMakeFiles/organic.dir/Organic.cpp.o
[ 70%] Building CXX object plugins/NeuralAmp/CMakeFiles/neuralamp.dir/NeuralAmpControlDialog.cpp.o
[ 70%] Linking CXX shared module ../libopulenz.so
[ 70%] Linking CXX shared module ../liborganic.so
[ 70%] Building CXX object plugins/NeuralAmp/CMakeFiles/neuralamp.dir/moc_NeuralAmpEffect.cpp.o
[ 70%] Built target organic
[ 71%] Built target opulenz
[ 71%] Building CXX object plugins/NeuralAmp/CMakeFiles/neuralamp.dir/moc_NeuralAmpControls.cpp.o
[ 71%] Building CXX object plugins/Oscilloscope/CMakeFiles/oscilloscope.dir/Oscilloscope.cpp.o
[ 71%] Building CXX object plugins/FreeBoy/CMakeFiles/freeboy.dir/FreeBoy.cpp.o
[ 71%] Building CXX object plugins/Oscilloscope/CMakeFiles/oscilloscope.dir/OscilloscopeControls.cpp.o
[ 71%] Linking CXX shared module ../libneuralamp.so
[ 71%] Linking CXX shared module ../libfreeboy.so
[ 71%] Building CXX object plugins/Oscilloscope/CMakeFiles/oscilloscope.dir/OscilloscopeControlDialog.cpp.o
[ 71%] Built target neuralamp
[ 71%] Building CXX object plugins/Patman/CMakeFiles/patman.dir/Patman.cpp.o
[ 71%] Linking CXX shared module ../libmidiimport.so
[ 72%] Built target freeboy
[ 72%] Building CXX object plugins/Patman/CMakeFiles/patman.dir/moc_Patman.cpp.o
[ 72%] Building CXX object plugins/Oscilloscope/CMakeFiles/oscilloscope.dir/OscilloscopeGraph.cpp.o
[ 72%] Built target midiimport
[ 72%] Building CXX object plugins/PeakControllerEffect/CMakeFiles/peakcontrollereffect.dir/PeakControllerEffect.cpp.o
[ 72%] Building CXX object plugins/Oscilloscope/CMakeFiles/oscilloscope.dir/moc_OscilloscopeControls.cpp.o
[ 72%] Building CXX object plugins/Oscilloscope/CMakeFiles/oscilloscope.dir/moc_OscilloscopeGraph.cpp.o
[ 72%] Building CXX object plugins/PeakControllerEffect/CMakeFiles/peakcontrollereffect.dir/PeakControllerEffectControls.cpp.o
[ 72%] Linking CXX shared module ../liboscilloscope.so
[ 72%] Built target oscilloscope
[ 72%] Built target gigplayer_autogen_timestamp_deps
[ 72%] Building CXX object plugins/ReverbSC/CMakeFiles/reverbsc.dir/ReverbSC.cpp.o
[ 72%] Building CXX object plugins/ReverbSC/CMakeFiles/reverbsc.dir/ReverbSCControls.cpp.o
[ 72%] Building CXX object plugins/ReverbSC/CMakeFiles/reverbsc.dir/ReverbSCControlDialog.cpp.o
[ 72%] Building CXX object plugins/ReverbSC/CMakeFiles/reverbsc.dir/moc_ReverbSCControls.cpp.o
[ 72%] Linking CXX shared module ../libreverbsc.so
[ 73%] Built target reverbsc
[ 73%] Building CXX object plugins/RnnoiseDenoiser/CMakeFiles/rnnoisedenoiser.dir/RnnoiseDenoiserEffect.cpp.o
[ 73%] Building CXX object plugins/RnnoiseDenoiser/CMakeFiles/rnnoisedenoiser.dir/RnnoiseDenoiserControls.cpp.o
[ 73%] Building CXX object plugins/RnnoiseDenoiser/CMakeFiles/rnnoisedenoiser.dir/RnnoiseDenoiserControlDialog.cpp.o
[ 73%] Building CXX object plugins/PeakControllerEffect/CMakeFiles/peakcontrollereffect.dir/PeakControllerEffectControlDialog.cpp.o
[ 73%] Building CXX object plugins/RnnoiseDenoiser/CMakeFiles/rnnoisedenoiser.dir/moc_RnnoiseDenoiserEffect.cpp.o
[ 73%] Building CXX object plugins/PeakControllerEffect/CMakeFiles/peakcontrollereffect.dir/moc_PeakControllerEffectControls.cpp.o
[ 73%] Building CXX object plugins/RnnoiseDenoiser/CMakeFiles/rnnoisedenoiser.dir/moc_RnnoiseDenoiserControls.cpp.o
[ 73%] Built target sf2player_autogen_timestamp_deps
[ 73%] Linking CXX shared module ../libpatman.so
[ 73%] Building CXX object plugins/Sfxr/CMakeFiles/sfxr.dir/Sfxr.cpp.o
[ 73%] Linking CXX shared module ../libpeakcontrollereffect.so
[ 73%] Linking CXX shared module ../librnnoisedenoiser.so
[ 73%] Linking CXX shared module ../libsfxr.so
[ 73%] Built target patman
[ 73%] Building CXX object plugins/Sid/CMakeFiles/sid.dir/SidInstrument.cpp.o
[ 73%] Built target peakcontrollereffect
[ 74%] Built target rnnoisedenoiser
[ 74%] Building CXX object plugins/SlewDistortion/CMakeFiles/slewdistortion.dir/SlewDistortion.cpp.o
[ 74%] Building CXX object plugins/SlewDistortion/CMakeFiles/slewdistortion.dir/SlewDistortionControls.cpp.o
[ 75%] Built target sfxr
[ 75%] Building CXX object plugins/Sid/CMakeFiles/sid.dir/moc_SidInstrument.cpp.o
[ 76%] Building CXX object plugins/SlicerT/CMakeFiles/slicert.dir/SlicerT.cpp.o
[ 76%] Building CXX object plugins/SlicerT/CMakeFiles/slicert.dir/SlicerTView.cpp.o
[ 76%] Building CXX object plugins/SlewDistortion/CMakeFiles/slewdistortion.dir/SlewDistortionControlDialog.cpp.o
[ 76%] Linking CXX shared module ../libsid.so
[ 76%] Building CXX object plugins/SlewDistortion/CMakeFiles/slewdistortion.dir/moc_SlewDistortion.cpp.o
[ 76%] Building CXX object plugins/SlewDistortion/CMakeFiles/slewdistortion.dir/moc_SlewDistortionControls.cpp.o
[ 76%] Building CXX object plugins/SlicerT/CMakeFiles/slicert.dir/SlicerTWaveform.cpp.o
[ 76%] Built target sid
[ 76%] Linking CXX shared module ../libslewdistortion.so
[ 76%] Building CXX object plugins/SpectrumAnalyzer/CMakeFiles/analyzer.dir/Analyzer.cpp.o
[ 76%] Building CXX object plugins/SpectrumAnalyzer/CMakeFiles/analyzer.dir/SaProcessor.cpp.o
[ 76%] Building CXX object plugins/StereoEnhancer/CMakeFiles/stereoenhancer.dir/StereoEnhancer.cpp.o
[ 76%] Built target slewdistortion
[ 76%] Building CXX object plugins/StereoEnhancer/CMakeFiles/stereoenhancer.dir/StereoEnhancerControls.cpp.o
[ 76%] Building CXX object plugins/SpectrumAnalyzer/CMakeFiles/analyzer.dir/SaControls.cpp.o
[ 76%] Building CXX object plugins/StereoEnhancer/CMakeFiles/stereoenhancer.dir/StereoEnhancerControlDialog.cpp.o
[ 76%] Building CXX object plugins/StereoMatrix/CMakeFiles/stereomatrix.dir/StereoMatrix.cpp.o
[ 76%] Building CXX object plugins/SpectrumAnalyzer/CMakeFiles/analyzer.dir/SaControlsDialog.cpp.o
[ 76%] Building CXX object plugins/StereoEnhancer/CMakeFiles/stereoenhancer.dir/moc_StereoEnhancerControls.cpp.o
[ 76%] Building CXX object plugins/StereoMatrix/CMakeFiles/stereomatrix.dir/StereoMatrixControls.cpp.o
[ 76%] Building CXX object plugins/SpectrumAnalyzer/CMakeFiles/analyzer.dir/SaSpectrumView.cpp.o
[ 77%] Linking CXX shared module ../libstereoenhancer.so
[ 77%] Building CXX object plugins/StereoMatrix/CMakeFiles/stereomatrix.dir/StereoMatrixControlDialog.cpp.o
[ 77%] Building CXX object plugins/SpectrumAnalyzer/CMakeFiles/analyzer.dir/SaWaterfallView.cpp.o
[ 77%] Built target stereoenhancer
[ 77%] Building CXX object plugins/SpectrumAnalyzer/CMakeFiles/analyzer.dir/moc_SaControls.cpp.o
[ 77%] Building CXX object plugins/StereoMatrix/CMakeFiles/stereomatrix.dir/moc_StereoMatrixControls.cpp.o
[ 77%] Building CXX object plugins/TapTempo/CMakeFiles/taptempo.dir/TapTempo.cpp.o
[ 77%] Linking CXX shared module ../libanalyzer.so
[ 77%] Linking CXX shared module ../libstereomatrix.so
[ 78%] Built target analyzer
[ 78%] Building CXX object plugins/VstBase/vstbase/CMakeFiles/vstbase.dir/__/VstPlugin.cpp.o
[ 78%] Built target stereomatrix
[ 78%] Building CXX object plugins/Vst3Effect/CMakeFiles/vst3effect.dir/Vst3Effect.cpp.o
[ 78%] Building CXX object plugins/SlicerT/CMakeFiles/slicert.dir/moc_SlicerT.cpp.o
[ 78%] Building CXX object plugins/SlicerT/CMakeFiles/slicert.dir/moc_SlicerTWaveform.cpp.o
[ 78%] Linking CXX shared module ../libslicert.so
[ 78%] Built target slicert
[ 78%] Building CXX object plugins/Vst3Instrument/CMakeFiles/vst3instrument.dir/Vst3Instrument.cpp.o
[ 78%] Linking CXX shared module ../libtaptempo.so
[ 79%] Built target taptempo
[ 79%] Building CXX object plugins/Watsyn/CMakeFiles/watsyn.dir/Watsyn.cpp.o
[ 79%] Building CXX object plugins/Vst3Effect/CMakeFiles/vst3effect.dir/Vst3EffectControlDialog.cpp.o
[ 79%] Building CXX object plugins/Vst3Effect/CMakeFiles/vst3effect.dir/Vst3EffectControls.cpp.o
[ 79%] Building CXX object plugins/Vst3Effect/CMakeFiles/vst3effect.dir/Vst3SubPluginFeatures.cpp.o
[ 79%] Building CXX object plugins/Vst3Effect/CMakeFiles/vst3effect.dir/moc_Vst3EffectControls.cpp.o
[ 79%] Linking CXX shared module ../libvst3effect.so
[ 79%] Building CXX object plugins/VstBase/vstbase/CMakeFiles/vstbase.dir/__/moc_VstPlugin.cpp.o
[ 79%] Linking CXX shared library ../../libvstbase.so
[ 79%] Built target vst3effect
[ 79%] Building CXX object plugins/Vst3Instrument/CMakeFiles/vst3instrument.dir/Vst3InstrumentView.cpp.o
[ 79%] Built target vstbase
[ 79%] Building CXX object plugins/Vst3Instrument/CMakeFiles/vst3instrument.dir/__/Vst3Effect/Vst3SubPluginFeatures.cpp.o
[ 79%] Building CXX object plugins/Vst3Instrument/CMakeFiles/vst3instrument.dir/moc_Vst3Instrument.cpp.o
[ 79%] Building CXX object plugins/WaveShaper/CMakeFiles/waveshaper.dir/WaveShaper.cpp.o
[ 79%] Building CXX object plugins/WaveShaper/CMakeFiles/waveshaper.dir/WaveShaperControls.cpp.o
[ 79%] Linking CXX shared module ../libvst3instrument.so
[ 79%] Building CXX object plugins/WaveShaper/CMakeFiles/waveshaper.dir/WaveShaperControlDialog.cpp.o
[ 80%] Built target vst3instrument
[ 80%] Building CXX object plugins/WaveShaper/CMakeFiles/waveshaper.dir/moc_WaveShaperControls.cpp.o
[ 80%] Building CXX object plugins/Watsyn/CMakeFiles/watsyn.dir/moc_Watsyn.cpp.o
[ 80%] Building CXX object plugins/Vectorscope/CMakeFiles/vectorscope.dir/Vectorscope.cpp.o
[ 80%] Building CXX object plugins/Vibed/CMakeFiles/vibedstrings.dir/Vibed.cpp.o
[ 81%] Building CXX object plugins/Vectorscope/CMakeFiles/vectorscope.dir/VecControls.cpp.o
[ 81%] Building CXX object plugins/Vectorscope/CMakeFiles/vectorscope.dir/VecControlsDialog.cpp.o
[ 81%] Linking CXX shared module ../libwatsyn.so
[ 81%] Building CXX object plugins/Vectorscope/CMakeFiles/vectorscope.dir/VectorView.cpp.o
[ 81%] Building CXX object plugins/Vectorscope/CMakeFiles/vectorscope.dir/moc_VecControls.cpp.o
[ 81%] Built target watsyn
[ 81%] Building CXX object plugins/Xpressive/CMakeFiles/xpressive.dir/Xpressive.cpp.o
[ 81%] Linking CXX shared module ../libvectorscope.so
[ 81%] Built target vectorscope
[ 81%] Building CXX object plugins/Vibed/CMakeFiles/vibedstrings.dir/VibratingString.cpp.o
[ 81%] Building CXX object plugins/Xpressive/CMakeFiles/xpressive.dir/ExprSynth.cpp.o
[ 81%] Linking CXX shared module ../libwaveshaper.so
[ 81%] Building CXX object plugins/ZynAddSubFx/CMakeFiles/zynaddsubfx.dir/ZynAddSubFx.cpp.o
[ 82%] Built target waveshaper
[ 82%] Built target PhaseDSidechainTest_autogen_timestamp_deps
[ 82%] Built target PluginScanCacheTest_autogen_timestamp_deps
[ 82%] Building CXX object plugins/ZynAddSubFx/CMakeFiles/zynaddsubfx.dir/moc_ZynAddSubFx.cpp.o
[ 82%] Automatic MOC for target partc_ref_amplifier
[ 82%] Built target partc_ref_amplifier_autogen
[ 82%] Automatic MOC for target partc_ref_bassbooster
[ 82%] Built target partc_ref_bassbooster_autogen
[ 82%] Automatic MOC for target partc_ref_bitcrush
[ 82%] Built target partc_ref_bitcrush_autogen
[ 82%] Automatic MOC for target partc_ref_dualfilter
[ 82%] Built target partc_ref_dualfilter_autogen
[ 82%] Automatic MOC for target partc_ref_waveshaper
[ 83%] Linking CXX shared module ../libvibedstrings.so
[ 83%] Built target partc_ref_waveshaper_autogen
[ 83%] Automatic MOC for target partc_ref_flanger
[ 83%] Built target vibedstrings
[ 83%] Automatic MOC for target partc_ref_delay
[ 83%] Built target partc_ref_flanger_autogen
[ 83%] Automatic MOC for target partc_ref_compressor
[ 83%] Built target partc_ref_delay_autogen
[ 83%] Automatic MOC for target partc_ref_crossovereq
[ 83%] Built target partc_ref_compressor_autogen
[ 83%] Automatic MOC for target partc_ref_dynamicsprocessor
[ 83%] Built target partc_ref_crossovereq_autogen
[ 83%] Automatic MOC for target partc_ref_lomm
[ 83%] Built target partc_ref_dynamicsprocessor_autogen
[ 83%] Linking CXX shared module ../libxpressive.so
[ 83%] Automatic MOC for target partc_ref_multitapecho
[ 83%] Built target partc_ref_lomm_autogen
[ 83%] Automatic MOC for target partc_ref_reverbsc
[ 83%] Built target partc_ref_multitapecho_autogen
[ 83%] Automatic MOC for target partc_ref_stereoenhancer
[ 83%] Built target partc_ref_reverbsc_autogen
[ 83%] Automatic MOC for target partc_ref_stereomatrix
[ 83%] Built target partc_ref_stereoenhancer_autogen
[ 83%] Automatic MOC for target partc_ref_dispersion
[ 83%] Built target partc_ref_stereomatrix_autogen
[ 83%] Automatic MOC for target partc_ref_vectorscope
[ 83%] Built target partc_ref_dispersion_autogen
[ 83%] Automatic MOC for target partc_ref_analyzer
[ 83%] Built target xpressive
[ 83%] Automatic MOC for target partc_ref_granularpitchshifter
[ 83%] Built target partc_ref_vectorscope_autogen
[ 83%] Automatic MOC for target partc_ref_eq
[ 83%] Built target partc_ref_analyzer_autogen
[ 83%] Built target partc_ref_freeboy_autogen
[ 83%] Built target partc_ref_nes_autogen
[ 83%] Built target partc_ref_granularpitchshifter_autogen
[ 83%] Built target partc_ref_sid_autogen
[ 83%] Built target partc_ref_eq_autogen
[ 83%] Built target partc_ref_opulenz_autogen
[ 83%] Built target partc_ref_sfxr_autogen
[ 83%] Built target partc_ref_bitinvader_autogen
[ 83%] Automatic MOC for target partc_ref_watsyn
[ 84%] Built target partc_ref_xpressive_autogen
[ 84%] Built target partc_ref_vibedstrings_autogen
[ 84%] Built target partc_ref_kicker_autogen
[ 84%] Automatic MOC for target partc_ref_tripleoscillator
[ 84%] Automatic MOC for target partc_ref_monstro
[ 84%] Built target partc_ref_watsyn_autogen
[ 84%] Built target partc_ref_organic_autogen
[ 84%] Built target partc_ref_tripleoscillator_autogen
[ 84%] Automatic MOC for target partc_ref_audiofileprocessor
[ 84%] Built target partc_ref_monstro_autogen
[ 84%] Automatic MOC for target partc_ref_lb302
[ 84%] Automatic MOC for target partc_ref_ladspaeffect
[ 84%] Linking CXX shared module ../libzynaddsubfx.so
[ 84%] Built target partc_ref_audiofileprocessor_autogen
[ 84%] Automatic MOC for target partc_ref_frequencyshifter
[ 84%] Built target partc_ref_ladspaeffect_autogen
[ 84%] Built target partc_ref_lb302_autogen
[ 84%] Automatic MOC for target partc_ref_oscilloscope
[ 84%] Automatic MOC for target partc_ref_slewdistortion
[ 84%] Built target partc_ref_frequencyshifter_autogen
[ 84%] Built target zynaddsubfx
[ 84%] Automatic MOC for target partc_ref_lv2effect
[ 84%] Built target partc_ref_oscilloscope_autogen
[ 85%] Automatic MOC for target partc_ref_lv2instrument
[ 85%] Built target partc_ref_slewdistortion_autogen
[ 85%] Automatic MOC and UIC for target partc_ref_sf2player
[ 85%] Automatic MOC and UIC for target partc_ref_gigplayer
[ 85%] Built target partc_ref_lv2effect_autogen
[ 85%] Built target ClapEffectIntegrationTest_autogen_timestamp_deps
[ 85%] Built target partc_ref_lv2instrument_autogen
[ 85%] Built target ZynSeparateProcessTest_autogen_timestamp_deps
[ 85%] Built target synthetic_audio_plugin_autogen
[ 85%] Building CXX object plugins/CarlaPatchbay/CMakeFiles/carlapatchbay.dir/CarlaPatchbay.cpp.o
[ 85%] Building CXX object plugins/CarlaRack/CMakeFiles/carlarack.dir/CarlaRack.cpp.o
[ 85%] Built target partc_ref_sf2player_autogen
[ 85%] Built target gigplayer_autogen
[ 85%] Built target sf2player_autogen
[ 85%] Built target partc_ref_gigplayer_autogen
[ 85%] Building CXX object plugins/Vestige/CMakeFiles/vestige.dir/Vestige.cpp.o
[ 85%] Building CXX object plugins/VstEffect/CMakeFiles/vsteffect.dir/VstEffect.cpp.o
[ 85%] Linking CXX shared module ../libcarlapatchbay.so
[ 86%] Linking CXX shared module ../libcarlarack.so
[ 86%] Built target carlapatchbay
[ 86%] Building CXX object plugins/VstEffect/CMakeFiles/vsteffect.dir/VstEffectControls.cpp.o
[ 86%] Built target carlarack
[ 86%] Building CXX object plugins/VstEffect/CMakeFiles/vsteffect.dir/VstEffectControlDialog.cpp.o
[ 86%] Building CXX object plugins/VstEffect/CMakeFiles/vsteffect.dir/VstSubPluginFeatures.cpp.o
[ 86%] Automatic MOC for target PhaseDSidechainTest
[ 86%] Building CXX object plugins/VstEffect/CMakeFiles/vsteffect.dir/moc_VstEffectControls.cpp.o
[ 86%] Building CXX object plugins/Vestige/CMakeFiles/vestige.dir/moc_Vestige.cpp.o
[ 86%] Built target PhaseDSidechainTest_autogen
[ 86%] Built target PluginScanCacheTest_autogen
[ 86%] Building CXX object tests/CMakeFiles/partc_ref_amplifier.dir/partc_ref_amplifier_autogen/mocs_compilation.cpp.o
[ 86%] Building CXX object tests/CMakeFiles/partc_ref_bassbooster.dir/partc_ref_bassbooster_autogen/mocs_compilation.cpp.o
[ 86%] Building CXX object tests/CMakeFiles/partc_ref_amplifier.dir/reference/Amplifier/Amplifier.cpp.o
[ 87%] Building CXX object tests/CMakeFiles/partc_ref_bassbooster.dir/reference/BassBooster/BassBooster.cpp.o
[ 88%] Building CXX object tests/CMakeFiles/partc_ref_amplifier.dir/reference/Amplifier/AmplifierControls.cpp.o
[ 88%] Building CXX object tests/CMakeFiles/partc_ref_bassbooster.dir/reference/BassBooster/BassBoosterControls.cpp.o
[ 88%] Building CXX object tests/CMakeFiles/partc_ref_amplifier.dir/reference/Amplifier/AmplifierControlDialog.cpp.o
[ 88%] Building CXX object tests/CMakeFiles/partc_ref_bassbooster.dir/reference/BassBooster/BassBoosterControlDialog.cpp.o
[ 88%] Linking CXX shared module partc_ref_amplifier.so
[ 88%] Linking CXX shared module partc_ref_bassbooster.so
[ 88%] Built target partc_ref_amplifier
[ 88%] Building CXX object tests/CMakeFiles/partc_ref_bitcrush.dir/partc_ref_bitcrush_autogen/mocs_compilation.cpp.o
[ 88%] Built target partc_ref_bassbooster
[ 89%] Building CXX object tests/CMakeFiles/partc_ref_dualfilter.dir/partc_ref_dualfilter_autogen/mocs_compilation.cpp.o
[ 89%] Building CXX object tests/CMakeFiles/partc_ref_bitcrush.dir/reference/Bitcrush/Bitcrush.cpp.o
[ 89%] Building CXX object tests/CMakeFiles/partc_ref_dualfilter.dir/reference/DualFilter/DualFilter.cpp.o
[ 89%] Building CXX object tests/CMakeFiles/partc_ref_bitcrush.dir/reference/Bitcrush/BitcrushControls.cpp.o
[ 89%] Building CXX object tests/CMakeFiles/partc_ref_dualfilter.dir/reference/DualFilter/DualFilterControls.cpp.o
[ 89%] Linking CXX shared module ../libvsteffect.so
[ 89%] Building CXX object tests/CMakeFiles/partc_ref_bitcrush.dir/reference/Bitcrush/BitcrushControlDialog.cpp.o
[ 89%] Building CXX object tests/CMakeFiles/partc_ref_dualfilter.dir/reference/DualFilter/DualFilterControlDialog.cpp.o
[ 90%] Built target vsteffect
[ 90%] Building CXX object tests/CMakeFiles/partc_ref_waveshaper.dir/partc_ref_waveshaper_autogen/mocs_compilation.cpp.o
[ 90%] Linking CXX shared module partc_ref_bitcrush.so
[ 90%] Linking CXX shared module partc_ref_dualfilter.so
[ 90%] Building CXX object tests/CMakeFiles/partc_ref_waveshaper.dir/reference/WaveShaper/WaveShaper.cpp.o
[ 90%] Built target partc_ref_bitcrush
[ 90%] Building CXX object tests/CMakeFiles/partc_ref_waveshaper.dir/reference/WaveShaper/WaveShaperControls.cpp.o
[ 90%] Built target partc_ref_dualfilter
[ 91%] Building CXX object tests/CMakeFiles/partc_ref_flanger.dir/partc_ref_flanger_autogen/mocs_compilation.cpp.o
[ 91%] Building CXX object tests/CMakeFiles/partc_ref_waveshaper.dir/reference/WaveShaper/WaveShaperControlDialog.cpp.o
[ 91%] Building CXX object tests/CMakeFiles/partc_ref_flanger.dir/reference/Flanger/FlangerEffect.cpp.o
[ 91%] Linking CXX shared module ../libvestige.so
[ 91%] Building CXX object tests/CMakeFiles/partc_ref_flanger.dir/reference/Flanger/FlangerControls.cpp.o
[ 91%] Built target vestige
[ 91%] Building CXX object tests/CMakeFiles/partc_ref_delay.dir/partc_ref_delay_autogen/mocs_compilation.cpp.o
[ 91%] Building CXX object tests/CMakeFiles/partc_ref_delay.dir/reference/Delay/DelayEffect.cpp.o
[ 91%] Building CXX object tests/CMakeFiles/partc_ref_delay.dir/reference/Delay/DelayControls.cpp.o
[ 91%] Building CXX object tests/CMakeFiles/partc_ref_delay.dir/reference/Delay/DelayControlsDialog.cpp.o
[ 91%] Building CXX object tests/CMakeFiles/partc_ref_flanger.dir/reference/Flanger/FlangerControlsDialog.cpp.o
[ 91%] Building CXX object tests/CMakeFiles/partc_ref_delay.dir/reference/Delay/StereoDelay.cpp.o
[ 91%] Linking CXX shared module partc_ref_delay.so
[ 91%] Building CXX object tests/CMakeFiles/partc_ref_compressor.dir/partc_ref_compressor_autogen/mocs_compilation.cpp.o
[ 91%] Built target partc_ref_delay
[ 91%] Building CXX object tests/CMakeFiles/partc_ref_compressor.dir/reference/Compressor/Compressor.cpp.o
[ 91%] Building CXX object tests/CMakeFiles/partc_ref_compressor.dir/reference/Compressor/CompressorControls.cpp.o
[ 91%] Building CXX object tests/CMakeFiles/partc_ref_compressor.dir/reference/Compressor/CompressorControlDialog.cpp.o
[ 91%] Building CXX object tests/CMakeFiles/partc_ref_crossovereq.dir/partc_ref_crossovereq_autogen/mocs_compilation.cpp.o
[ 91%] Linking CXX shared module partc_ref_compressor.so
[ 91%] Building CXX object tests/CMakeFiles/partc_ref_crossovereq.dir/reference/CrossoverEQ/CrossoverEQ.cpp.o
[ 91%] Linking CXX shared module partc_ref_waveshaper.so
[ 91%] Built target partc_ref_compressor
[ 91%] Building CXX object tests/CMakeFiles/partc_ref_crossovereq.dir/reference/CrossoverEQ/CrossoverEQControls.cpp.o
[ 91%] Building CXX object tests/CMakeFiles/partc_ref_crossovereq.dir/reference/CrossoverEQ/CrossoverEQControlDialog.cpp.o
[ 91%] Built target partc_ref_waveshaper
[ 91%] Linking CXX shared module partc_ref_flanger.so
[ 91%] Building CXX object tests/CMakeFiles/partc_ref_dynamicsprocessor.dir/partc_ref_dynamicsprocessor_autogen/mocs_compilation.cpp.o
[ 91%] Building CXX object tests/CMakeFiles/partc_ref_dynamicsprocessor.dir/reference/DynamicsProcessor/DynamicsProcessor.cpp.o
[ 91%] Linking CXX shared module partc_ref_crossovereq.so
[ 91%] Building CXX object tests/CMakeFiles/partc_ref_dynamicsprocessor.dir/reference/DynamicsProcessor/DynamicsProcessorControls.cpp.o
[ 91%] Building CXX object tests/CMakeFiles/partc_ref_dynamicsprocessor.dir/reference/DynamicsProcessor/DynamicsProcessorControlDialog.cpp.o
[ 91%] Built target partc_ref_flanger
[ 91%] Building CXX object tests/CMakeFiles/partc_ref_lomm.dir/partc_ref_lomm_autogen/mocs_compilation.cpp.o
[ 92%] Built target partc_ref_crossovereq
[ 92%] Building CXX object tests/CMakeFiles/partc_ref_multitapecho.dir/partc_ref_multitapecho_autogen/mocs_compilation.cpp.o
[ 92%] Building CXX object tests/CMakeFiles/partc_ref_reverbsc.dir/partc_ref_reverbsc_autogen/mocs_compilation.cpp.o
[ 92%] Building CXX object tests/CMakeFiles/partc_ref_lomm.dir/reference/LOMM/LOMM.cpp.o
[ 92%] Building CXX object tests/CMakeFiles/partc_ref_multitapecho.dir/reference/MultitapEcho/MultitapEcho.cpp.o
[ 92%] Building CXX object tests/CMakeFiles/partc_ref_reverbsc.dir/reference/ReverbSC/ReverbSC.cpp.o
[ 92%] Building CXX object tests/CMakeFiles/partc_ref_lomm.dir/reference/LOMM/LOMMControls.cpp.o
[ 92%] Building CXX object tests/CMakeFiles/partc_ref_multitapecho.dir/reference/MultitapEcho/MultitapEchoControls.cpp.o
[ 92%] Building CXX object tests/CMakeFiles/partc_ref_reverbsc.dir/reference/ReverbSC/ReverbSCControls.cpp.o
[ 92%] Building CXX object tests/CMakeFiles/partc_ref_lomm.dir/reference/LOMM/LOMMControlDialog.cpp.o
[ 92%] Building CXX object tests/CMakeFiles/partc_ref_multitapecho.dir/reference/MultitapEcho/MultitapEchoControlDialog.cpp.o
[ 92%] Building CXX object tests/CMakeFiles/partc_ref_reverbsc.dir/reference/ReverbSC/ReverbSCControlDialog.cpp.o
[ 92%] Linking CXX shared module partc_ref_lomm.so
[ 92%] Linking CXX shared module partc_ref_multitapecho.so
[ 92%] Linking CXX shared module partc_ref_reverbsc.so
[ 92%] Built target partc_ref_lomm
[ 92%] Building CXX object tests/CMakeFiles/partc_ref_stereoenhancer.dir/partc_ref_stereoenhancer_autogen/mocs_compilation.cpp.o
[ 92%] Built target partc_ref_multitapecho
[ 92%] Building CXX object tests/CMakeFiles/partc_ref_stereomatrix.dir/partc_ref_stereomatrix_autogen/mocs_compilation.cpp.o
[ 92%] Built target partc_ref_reverbsc
[ 92%] Building CXX object tests/CMakeFiles/partc_ref_stereoenhancer.dir/reference/StereoEnhancer/StereoEnhancer.cpp.o
[ 92%] Building CXX object tests/CMakeFiles/partc_ref_dispersion.dir/partc_ref_dispersion_autogen/mocs_compilation.cpp.o
[ 92%] Building CXX object tests/CMakeFiles/partc_ref_stereomatrix.dir/reference/StereoMatrix/StereoMatrix.cpp.o
[ 93%] Building CXX object tests/CMakeFiles/partc_ref_stereoenhancer.dir/reference/StereoEnhancer/StereoEnhancerControls.cpp.o
[ 93%] Building CXX object tests/CMakeFiles/partc_ref_dispersion.dir/reference/Dispersion/Dispersion.cpp.o
[ 93%] Building CXX object tests/CMakeFiles/partc_ref_stereomatrix.dir/reference/StereoMatrix/StereoMatrixControls.cpp.o
[ 93%] Building CXX object tests/CMakeFiles/partc_ref_stereoenhancer.dir/reference/StereoEnhancer/StereoEnhancerControlDialog.cpp.o
[ 93%] Building CXX object tests/CMakeFiles/partc_ref_dispersion.dir/reference/Dispersion/DispersionControls.cpp.o
[ 93%] Linking CXX shared module partc_ref_dynamicsprocessor.so
[ 93%] Building CXX object tests/CMakeFiles/partc_ref_stereomatrix.dir/reference/StereoMatrix/StereoMatrixControlDialog.cpp.o
[ 93%] Building CXX object tests/CMakeFiles/partc_ref_dispersion.dir/reference/Dispersion/DispersionControlDialog.cpp.o
[ 93%] Linking CXX shared module partc_ref_stereoenhancer.so
[ 93%] Linking CXX shared module partc_ref_stereomatrix.so
[ 93%] Built target partc_ref_dynamicsprocessor
[ 93%] Linking CXX shared module partc_ref_dispersion.so
[ 93%] Building CXX object tests/CMakeFiles/partc_ref_vectorscope.dir/partc_ref_vectorscope_autogen/mocs_compilation.cpp.o
[ 93%] Built target partc_ref_stereoenhancer
[ 93%] Building CXX object tests/CMakeFiles/partc_ref_vectorscope.dir/reference/Vectorscope/Vectorscope.cpp.o
[ 93%] Built target partc_ref_stereomatrix
[ 93%] Built target partc_ref_dispersion
[ 93%] Building CXX object tests/CMakeFiles/partc_ref_vectorscope.dir/reference/Vectorscope/VecControls.cpp.o
[ 93%] Building CXX object tests/CMakeFiles/partc_ref_analyzer.dir/partc_ref_analyzer_autogen/mocs_compilation.cpp.o
[ 93%] Building CXX object tests/CMakeFiles/partc_ref_granularpitchshifter.dir/partc_ref_granularpitchshifter_autogen/mocs_compilation.cpp.o
[ 93%] Building CXX object tests/CMakeFiles/partc_ref_vectorscope.dir/reference/Vectorscope/VecControlsDialog.cpp.o
[ 93%] Building CXX object tests/CMakeFiles/partc_ref_granularpitchshifter.dir/reference/GranularPitchShifter/GranularPitchShifterEffect.cpp.o
[ 93%] Building CXX object tests/CMakeFiles/partc_ref_analyzer.dir/reference/SpectrumAnalyzer/Analyzer.cpp.o
[ 93%] Building CXX object tests/CMakeFiles/partc_ref_vectorscope.dir/reference/Vectorscope/VectorView.cpp.o
[ 93%] Building CXX object tests/CMakeFiles/partc_ref_eq.dir/partc_ref_eq_autogen/mocs_compilation.cpp.o
[ 93%] Building CXX object tests/CMakeFiles/partc_ref_analyzer.dir/reference/SpectrumAnalyzer/SaControls.cpp.o
[ 93%] Building CXX object tests/CMakeFiles/partc_ref_granularpitchshifter.dir/reference/GranularPitchShifter/GranularPitchShifterControls.cpp.o
[ 93%] Linking CXX shared module partc_ref_vectorscope.so
[ 93%] Building CXX object tests/CMakeFiles/partc_ref_eq.dir/reference/Eq/EqEffect.cpp.o
[ 93%] Building CXX object tests/CMakeFiles/partc_ref_analyzer.dir/reference/SpectrumAnalyzer/SaControlsDialog.cpp.o
[ 93%] Building CXX object tests/CMakeFiles/partc_ref_granularpitchshifter.dir/reference/GranularPitchShifter/GranularPitchShifterControlDialog.cpp.o
[ 93%] Building CXX object tests/CMakeFiles/partc_ref_eq.dir/reference/Eq/EqControls.cpp.o
[ 93%] Built target partc_ref_vectorscope
[ 93%] Building CXX object tests/CMakeFiles/partc_ref_eq.dir/reference/Eq/EqControlsDialog.cpp.o
[ 93%] Linking CXX shared module partc_ref_granularpitchshifter.so
[ 93%] Building CXX object tests/CMakeFiles/partc_ref_analyzer.dir/reference/SpectrumAnalyzer/SaProcessor.cpp.o
[ 93%] Building CXX object tests/CMakeFiles/partc_ref_eq.dir/reference/Eq/EqCurve.cpp.o
[ 93%] Building CXX object tests/CMakeFiles/partc_ref_eq.dir/reference/Eq/EqSpectrumView.cpp.o
[ 93%] Building CXX object tests/CMakeFiles/partc_ref_analyzer.dir/reference/SpectrumAnalyzer/SaSpectrumView.cpp.o
[ 93%] Built target partc_ref_granularpitchshifter
[ 93%] Building CXX object tests/CMakeFiles/partc_ref_freeboy.dir/reference/FreeBoy/FreeBoy.cpp.o
[ 93%] Building CXX object tests/CMakeFiles/partc_ref_nes.dir/reference/Nes/Nes.cpp.o
[ 93%] Linking CXX shared module partc_ref_eq.so
[ 93%] Building CXX object tests/CMakeFiles/partc_ref_analyzer.dir/reference/SpectrumAnalyzer/SaWaterfallView.cpp.o
[ 93%] Linking CXX shared module partc_ref_freeboy.so
[ 93%] Linking CXX shared module partc_ref_nes.so
[ 93%] Built target partc_ref_eq
[ 93%] Building CXX object tests/CMakeFiles/partc_ref_sid.dir/reference/Sid/SidInstrument.cpp.o
[ 93%] Linking CXX shared module partc_ref_analyzer.so
[ 93%] Built target partc_ref_freeboy
[ 93%] Building CXX object tests/CMakeFiles/partc_ref_opulenz.dir/reference/OpulenZ/OpulenZ.cpp.o
[ 93%] Built target partc_ref_nes
[ 93%] Building CXX object tests/CMakeFiles/partc_ref_sfxr.dir/reference/Sfxr/Sfxr.cpp.o
[ 93%] Linking CXX shared module partc_ref_sid.so
[ 93%] Built target partc_ref_analyzer
[ 93%] Building CXX object tests/CMakeFiles/partc_ref_bitinvader.dir/reference/BitInvader/BitInvader.cpp.o
[ 93%] Linking CXX shared module partc_ref_opulenz.so
[ 93%] Linking CXX shared module partc_ref_sfxr.so
[ 93%] Built target partc_ref_sid
[ 93%] Building CXX object tests/CMakeFiles/partc_ref_watsyn.dir/partc_ref_watsyn_autogen/mocs_compilation.cpp.o
[ 93%] Building CXX object tests/CMakeFiles/partc_ref_watsyn.dir/reference/Watsyn/Watsyn.cpp.o
[ 93%] Built target partc_ref_sfxr
[ 93%] Built target partc_ref_opulenz
[ 93%] Building CXX object tests/CMakeFiles/partc_ref_xpressive.dir/reference/Xpressive/Xpressive.cpp.o
[ 93%] Building CXX object tests/CMakeFiles/partc_ref_vibedstrings.dir/reference/Vibed/Vibed.cpp.o
[ 93%] Linking CXX shared module partc_ref_bitinvader.so
[ 93%] Built target partc_ref_bitinvader
[ 93%] Building CXX object tests/CMakeFiles/partc_ref_kicker.dir/reference/Kicker/Kicker.cpp.o
[ 93%] Linking CXX shared module partc_ref_kicker.so
[ 93%] Built target partc_ref_kicker
[ 93%] Linking CXX shared module partc_ref_watsyn.so
[ 93%] Building CXX object tests/CMakeFiles/partc_ref_tripleoscillator.dir/partc_ref_tripleoscillator_autogen/mocs_compilation.cpp.o
[ 93%] Building CXX object tests/CMakeFiles/partc_ref_vibedstrings.dir/reference/Vibed/VibratingString.cpp.o
[ 93%] Building CXX object tests/CMakeFiles/partc_ref_tripleoscillator.dir/reference/TripleOscillator/TripleOscillator.cpp.o
[ 93%] Building CXX object tests/CMakeFiles/partc_ref_xpressive.dir/reference/Xpressive/ExprSynth.cpp.o
[ 93%] Linking CXX shared module partc_ref_vibedstrings.so
[ 93%] Built target partc_ref_watsyn
[ 93%] Building CXX object tests/CMakeFiles/partc_ref_monstro.dir/partc_ref_monstro_autogen/mocs_compilation.cpp.o
[ 93%] Building CXX object tests/CMakeFiles/partc_ref_monstro.dir/reference/Monstro/Monstro.cpp.o
[ 94%] Built target partc_ref_vibedstrings
[ 94%] Building CXX object tests/CMakeFiles/partc_ref_organic.dir/reference/Organic/Organic.cpp.o
[ 94%] Linking CXX shared module partc_ref_xpressive.so
[ 94%] Linking CXX shared module partc_ref_monstro.so
[ 94%] Linking CXX shared module partc_ref_organic.so
[ 94%] Built target partc_ref_monstro
[ 94%] Building CXX object tests/CMakeFiles/partc_ref_audiofileprocessor.dir/partc_ref_audiofileprocessor_autogen/mocs_compilation.cpp.o
[ 95%] Built target partc_ref_organic
[ 95%] Building CXX object tests/CMakeFiles/partc_ref_audiofileprocessor.dir/reference/AudioFileProcessor/AudioFileProcessor.cpp.o
[ 95%] Building CXX object tests/CMakeFiles/partc_ref_audiofileprocessor.dir/reference/AudioFileProcessor/AudioFileProcessorView.cpp.o
[ 95%] Built target partc_ref_xpressive
[ 95%] Building CXX object tests/CMakeFiles/partc_ref_lb302.dir/partc_ref_lb302_autogen/mocs_compilation.cpp.o
[ 95%] Building CXX object tests/CMakeFiles/partc_ref_lb302.dir/reference/Lb302/Lb302.cpp.o
[ 95%] Linking CXX shared module partc_ref_lb302.so
[ 96%] Built target partc_ref_lb302
[ 96%] Building CXX object tests/CMakeFiles/partc_ref_audiofileprocessor.dir/reference/AudioFileProcessor/AudioFileProcessorWaveView.cpp.o
[ 96%] Building CXX object tests/CMakeFiles/partc_ref_ladspaeffect.dir/partc_ref_ladspaeffect_autogen/mocs_compilation.cpp.o
[ 96%] Building CXX object tests/CMakeFiles/partc_ref_ladspaeffect.dir/reference/LadspaEffect/LadspaEffect.cpp.o
[ 96%] Linking CXX shared module partc_ref_tripleoscillator.so
[ 96%] Built target partc_ref_tripleoscillator
[ 96%] Building CXX object tests/CMakeFiles/partc_ref_ladspaeffect.dir/reference/LadspaEffect/LadspaControls.cpp.o
[ 96%] Building CXX object tests/CMakeFiles/partc_ref_frequencyshifter.dir/partc_ref_frequencyshifter_autogen/mocs_compilation.cpp.o
[ 96%] Linking CXX shared module partc_ref_audiofileprocessor.so
[ 96%] Building CXX object tests/CMakeFiles/partc_ref_ladspaeffect.dir/reference/LadspaEffect/LadspaControlDialog.cpp.o
[ 96%] Building CXX object tests/CMakeFiles/partc_ref_frequencyshifter.dir/reference/FrequencyShifter/FrequencyShifterEffect.cpp.o
[ 96%] Building CXX object tests/CMakeFiles/partc_ref_ladspaeffect.dir/reference/LadspaEffect/LadspaMatrixControlDialog.cpp.o
[ 96%] Building CXX object tests/CMakeFiles/partc_ref_frequencyshifter.dir/reference/FrequencyShifter/FrequencyShifterControls.cpp.o
[ 96%] Built target partc_ref_audiofileprocessor
[ 96%] Building CXX object tests/CMakeFiles/partc_ref_frequencyshifter.dir/reference/FrequencyShifter/FrequencyShifterControlDialog.cpp.o
[ 96%] Building CXX object tests/CMakeFiles/partc_ref_ladspaeffect.dir/reference/LadspaEffect/LadspaSubPluginFeatures.cpp.o
[ 96%] Building CXX object tests/CMakeFiles/partc_ref_oscilloscope.dir/partc_ref_oscilloscope_autogen/mocs_compilation.cpp.o
[ 96%] Building CXX object tests/CMakeFiles/partc_ref_oscilloscope.dir/reference/Oscilloscope/Oscilloscope.cpp.o
[ 96%] Linking CXX shared module partc_ref_frequencyshifter.so
[ 96%] Building CXX object tests/CMakeFiles/partc_ref_oscilloscope.dir/reference/Oscilloscope/OscilloscopeControls.cpp.o
[ 96%] Building CXX object tests/CMakeFiles/partc_ref_oscilloscope.dir/reference/Oscilloscope/OscilloscopeControlDialog.cpp.o
[ 96%] Built target partc_ref_frequencyshifter
[ 96%] Building CXX object tests/CMakeFiles/partc_ref_slewdistortion.dir/partc_ref_slewdistortion_autogen/mocs_compilation.cpp.o
[ 96%] Building CXX object tests/CMakeFiles/partc_ref_lv2effect.dir/partc_ref_lv2effect_autogen/mocs_compilation.cpp.o
[ 96%] Building CXX object tests/CMakeFiles/partc_ref_oscilloscope.dir/reference/Oscilloscope/OscilloscopeGraph.cpp.o
[ 96%] Building CXX object tests/CMakeFiles/partc_ref_slewdistortion.dir/reference/SlewDistortion/SlewDistortion.cpp.o
[ 96%] Building CXX object tests/CMakeFiles/partc_ref_lv2effect.dir/reference/Lv2Effect/Lv2Effect.cpp.o
[ 96%] Linking CXX shared module partc_ref_oscilloscope.so
[ 96%] Building CXX object tests/CMakeFiles/partc_ref_slewdistortion.dir/reference/SlewDistortion/SlewDistortionControls.cpp.o
[ 96%] Building CXX object tests/CMakeFiles/partc_ref_lv2effect.dir/reference/Lv2Effect/Lv2FxControls.cpp.o
[ 96%] Built target partc_ref_oscilloscope
[ 96%] Linking CXX shared module partc_ref_ladspaeffect.so
[ 96%] Building CXX object tests/CMakeFiles/partc_ref_lv2instrument.dir/partc_ref_lv2instrument_autogen/mocs_compilation.cpp.o
[ 96%] Building CXX object tests/CMakeFiles/partc_ref_slewdistortion.dir/reference/SlewDistortion/SlewDistortionControlDialog.cpp.o
[ 96%] Building CXX object tests/CMakeFiles/partc_ref_lv2effect.dir/reference/Lv2Effect/Lv2FxControlDialog.cpp.o
[ 96%] Built target partc_ref_ladspaeffect
[ 96%] Building CXX object tests/CMakeFiles/partc_ref_lv2instrument.dir/reference/Lv2Instrument/Lv2Instrument.cpp.o
[ 96%] Linking CXX shared module partc_ref_slewdistortion.so
[ 96%] Linking CXX shared module partc_ref_lv2effect.so
[ 96%] Building CXX object tests/CMakeFiles/partc_ref_sf2player.dir/partc_ref_sf2player_autogen/mocs_compilation.cpp.o
[ 96%] Built target partc_ref_lv2effect
[ 96%] Building CXX object tests/CMakeFiles/partc_ref_gigplayer.dir/partc_ref_gigplayer_autogen/mocs_compilation.cpp.o
[ 96%] Built target partc_ref_slewdistortion
[ 96%] Automatic MOC for target ClapEffectIntegrationTest
[ 97%] Building CXX object tests/CMakeFiles/partc_ref_sf2player.dir/reference/Sf2Player/Sf2Player.cpp.o
[ 97%] Building CXX object tests/CMakeFiles/partc_ref_gigplayer.dir/reference/GigPlayer/GigPlayer.cpp.o
[ 97%] Built target ClapEffectIntegrationTest_autogen
[ 97%] Automatic MOC for target ZynSeparateProcessTest
[ 97%] Built target ZynSeparateProcessTest_autogen
[ 97%] Building CXX object tests/CMakeFiles/synthetic_audio_plugin.dir/src/plugins/SyntheticAudioPlugin.cpp.o
[ 97%] Linking CXX shared module partc_ref_lv2instrument.so
[ 97%] Built target partc_ref_lv2instrument
[ 97%] Building CXX object tests/CMakeFiles/partc_ref_gigplayer.dir/reference/GigPlayer/PatchesDialog.cpp.o
[ 97%] Linking CXX shared module synthetic_audio_plugin.so
[ 97%] Built target synthetic_audio_plugin
[ 97%] Building CXX object plugins/GigPlayer/CMakeFiles/gigplayer.dir/GigPlayer.cpp.o
[ 97%] Building CXX object plugins/GigPlayer/CMakeFiles/gigplayer.dir/PatchesDialog.cpp.o
[ 97%] Building CXX object plugins/GigPlayer/CMakeFiles/gigplayer.dir/moc_GigPlayer.cpp.o
[ 97%] Building CXX object plugins/GigPlayer/CMakeFiles/gigplayer.dir/moc_PatchesDialog.cpp.o
[ 97%] Building CXX object plugins/Sf2Player/CMakeFiles/sf2player.dir/Sf2Player.cpp.o
[ 97%] Linking CXX shared module partc_ref_sf2player.so
[ 98%] Linking CXX shared module partc_ref_gigplayer.so
[ 98%] Built target partc_ref_sf2player
[ 98%] Building CXX object tests/CMakeFiles/PhaseDSidechainTest.dir/src/core/PhaseDSidechainTest.cpp.o
[ 98%] Built target partc_ref_gigplayer
[ 98%] Linking CXX executable PluginScanCacheTest
[ 98%] Linking CXX executable PhaseDSidechainTest
[ 98%] Linking CXX shared module ../libgigplayer.so
[ 98%] Built target gigplayer
[ 98%] Built target PluginPortsMigrationReference_autogen_timestamp_deps
[ 98%] Building CXX object tests/CMakeFiles/ClapEffectIntegrationTest.dir/ClapEffectIntegrationTest_autogen/mocs_compilation.cpp.o
[ 98%] Built target PluginScanCacheTest
[ 98%] Building CXX object tests/CMakeFiles/ZynSeparateProcessTest.dir/src/plugins/ZynSeparateProcessTest.cpp.o
[ 98%] Building CXX object tests/CMakeFiles/ClapEffectIntegrationTest.dir/src/plugins/ClapEffectIntegrationTest.cpp.o
[ 98%] Building CXX object plugins/Sf2Player/CMakeFiles/sf2player.dir/moc_Sf2Player.cpp.o
[ 98%] Built target PhaseDSidechainTest
[ 98%] Built target AudioPluginTest_autogen_timestamp_deps
[ 98%] Built target PluginPortsMigrationReference_autogen
[ 98%] Building CXX object tests/CMakeFiles/ClapEffectIntegrationTest.dir/__/plugins/ClapEffect/ClapBusMap.cpp.o
[ 98%] Building CXX object tests/CMakeFiles/ClapEffectIntegrationTest.dir/__/plugins/ClapEffect/ClapEffect.cpp.o
[ 98%] Linking CXX shared module ../libsf2player.so
[ 98%] Building CXX object tests/CMakeFiles/ClapEffectIntegrationTest.dir/__/plugins/ClapEffect/ClapEffectControlDialog.cpp.o
[ 98%] Building CXX object tests/CMakeFiles/ClapEffectIntegrationTest.dir/__/plugins/ClapEffect/ClapEffectControls.cpp.o
[ 98%] Built target sf2player
[ 98%] Building CXX object tests/CMakeFiles/ClapEffectIntegrationTest.dir/__/plugins/ClapEffect/ClapSubPluginFeatures.cpp.o
[ 98%] Automatic MOC for target AudioPluginTest
[ 98%] Built target AudioPluginTest_autogen
[ 98%] Building CXX object tests/CMakeFiles/PluginPortsMigrationReference.dir/src/plugins/PluginPortsMigrationReference.cpp.o
[ 98%] Building CXX object tests/CMakeFiles/AudioPluginTest.dir/src/plugins/AudioPluginTest.cpp.o
[ 98%] Linking CXX executable AudioPluginTest
[ 98%] Built target AudioPluginTest
[ 99%] Linking CXX executable ClapEffectIntegrationTest
[ 99%] Linking CXX executable ZynSeparateProcessTest
[ 99%] Built target ClapEffectIntegrationTest
[ 99%] Linking CXX executable PluginPortsMigrationReference
[ 99%] Built target ZynSeparateProcessTest
[ 99%] Built target PluginPortsMigrationReference
[ 99%] Built target PluginPortsMigrationTest_autogen_timestamp_deps
[100%] Automatic MOC for target PluginPortsMigrationTest
[100%] Built target PluginPortsMigrationTest_autogen
[100%] Building CXX object tests/CMakeFiles/PluginPortsMigrationTest.dir/src/plugins/PluginPortsMigrationTest.cpp.o
[100%] Linking CXX executable PluginPortsMigrationTest
[100%] Built target PluginPortsMigrationTest
